0.0000000000,0.0048452078,-0.0022757292,-0.0010442904,0.0010650097,0.0030606560,0.0018763966,-0.0043332290,0.0007739789,0.0040679638,0.0032087381,-0.0023093916,0.0005239937,0.0035323453,-0.0026547922,0.0000420333,0.0053352134,-0.0020197056,0.0002657735,0.0022576325,-0.0031413194,0.0032601628,0.0036874534,0.0005223173,0.0009765680,-0.0022001635,-0.0000458537,-0.0048898298,0.0009035398,-0.0049403497,-0.0015877469,-0.0028270292,0.0023815530,-0.0021668228,0.0015525240,0.0024670991,0.0042051675,-0.0035298279,-0.0019619354,-0.0013935165,-0.0033550490,0.0037538512,-0.0004292843,-0.0004547473,-0.0031896514,-0.0013365639,-0.0020371628,0.0003440175,0.0009558100,0.0029798236,-0.0040215076,-0.0013396804,0.0006666589,-0.0009123349,-0.0019155147,-0.0032482588,0.0026547740,-0.0029015989,0.0004393612,-0.0012643019,0.0052049337,-0.0042934962,-0.0021875315,-0.0013211995,0.0048451294,0.0029965333,0.0016374504,-0.0003787064,0.0036874534,-0.0024109841,0.0008284767,0.0024311891,-0.0039999372,-0.0017296900,-0.0028530147,0.0041771890,0.0022338939,-0.0014623554,0.0028059861,-0.0007424981,0.0022572630,0.0042973074,-0.0013816475,-0.0048072447,0.0032245197,0.0016374504,-0.0000092375,0.0018014938,-0.0011591937,-0.0016268440,-0.0014268999,0.0013326863,0.0005194012,0.0023397264,-0.0006360571,0.0003057561,-0.0022901827,-0.0044355912,0.0001718148,-0.0018584093
0.0000000000,0.0048452078,-0.0052088754,-0.0016986560,0.0039981560,0.0001275097,0.0012220311,-0.0053145282,0.0011012115,0.0024337936,0.0051686468,-0.0010014577,0.0034571400,0.0041867109,-0.0026547922,0.0032979366,0.0043539142,0.0005897900,-0.0003885921,0.0012763334,-0.0054263696,0.0035873954,0.0017275447,0.0015036165,0.0035860636,-0.0008922296,-0.0033017570,-0.0032556596,0.0041594431,-0.0042859841,0.0003721618,-0.0005419790,0.0049910487,-0.0038009930,0.0041620197,0.0011591652,0.0015956719,-0.0028754624,-0.0039218440,-0.0040030122,-0.0033550490,0.0057137599,-0.0010836499,-0.0017626812,-0.0002565052,-0.0023178631,-0.0010558636,0.0000167849,-0.0010040987,0.0046139938,-0.0030402084,-0.0036247306,0.0003394263,-0.0012395676,-0.0006075808,-0.0025938932,0.0016734748,0.0000315473,0.0010937268,-0.0006099363,0.0019490304,-0.0029855623,-0.0034954654,0.0019347038,0.0022356338,0.0007114831,-0.0016184529,0.0012554638,0.0017275447,-0.0030653497,0.0008284767,0.0027584217,-0.0007440338,0.0002302187,-0.0015450808,0.0025430188,0.0041938026,0.0001718148,0.0005209360,-0.0033519937,0.0019300304,0.0042973074,-0.0010544149,-0.0018740985,0.0006150240,-0.0016184529,-0.0016434077,0.0001673236,-0.0034442439,-0.0045599903,0.0011825958,0.0042658326,-0.0007885327,-0.0005934198,-0.0038919604,0.0025908063,-0.0013088835,-0.0024756825,-0.0014623554,0.0004266409
0.0000000000,0.0026737896,-0.0052088754,-0.0008269036,0.0027071515,-0.0011634947,0.0018760778,-0.0031460858,0.0011012115,0.0015648292,0.0043011415,-0.0014368024,0.0032415897,0.0039686068,-0.0048262104,0.0037277143,0.0021854718,0.0001576294,-0.0021278497,0.0014942714,-0.0043446369,0.0042417411,0.0019445862,0.0032415492,0.0046653136,-0.0015450808,-0.0018009696,-0.0026037046,0.0028722038,-0.0025467265,-0.0002786985,0.0009706013,0.0032676675,-0.0053191334,0.0022248910,-0.0005769132,0.0033190530,-0.0039646548,-0.0017623211,-0.0042191254,-0.0022651926,0.0037683100,0.0004393612,-0.0032829085,-0.0024011897,-0.0042713481,-0.0017094121,0.0015404923,0.0009413512,0.0026652716,-0.0034760180,-0.0042742978,0.0012115772,0.0009315200,0.0000452704,-0.0023757891,0.0029787805,-0.0008299972,-0.0004292843,-0.0006099363,0.0004482430,-0.0032032678,-0.0015440646,0.0032219431,0.0026677944,0.0026530681,-0.0016184529,0.0003864993,0.0019445862,-0.0013260921,0.0010467138,0.0031947630,-0.0016030656,0.0017458099,-0.0008922296,0.0014573097,0.0052776886,0.0014739379,0.0009540907,-0.0048611023,0.0014936891,0.0032074510,-0.0023613128,-0.0007976601,-0.0013221046,-0.0016184529,-0.0018608143,-0.0017813986,-0.0025784621,-0.0058509947,0.0033328819,0.0061979148,0.0013775961,-0.0023123114,-0.0049652594,0.0034565881,0.0004290492,-0.0011757459,-0.0001602323,-0.0000065139
0.0000000000,0.0026737896,-0.0022757292,-0.0001725381,-0.0002259947,0.0017696515,0.0025304434,-0.0021647866,0.0007739789,0.0031989993,0.0023412328,-0.0027447363,0.0003084435,0.0033142412,-0.0048262104,0.0004718110,0.0031667710,-0.0024518662,-0.0014734841,0.0024755706,-0.0020595867,0.0039145085,0.0039044949,0.0022602500,0.0020558179,-0.0028530147,0.0014549337,-0.0042378748,-0.0003836995,-0.0032010921,-0.0022386072,-0.0013144489,0.0006581719,-0.0036849633,-0.0003846046,0.0007310207,0.0059285487,-0.0046190204,0.0001975876,-0.0016096297,-0.0022651926,0.0018084013,0.0010937268,-0.0019749746,-0.0053343359,-0.0032900490,-0.0026907113,0.0018677249,0.0029012599,0.0010311014,-0.0044573172,-0.0019892477,0.0015388098,0.0012587526,-0.0012626635,-0.0030301547,0.0039600797,-0.0037631434,-0.0010836499,-0.0012643019,0.0037041463,-0.0045112016,-0.0002361307,-0.0000339602,0.0052772900,0.0049381183,0.0016374504,-0.0012476708,0.0039044949,-0.0006717265,0.0010467138,0.0028675304,-0.0048589689,-0.0002140988,-0.0022001635,0.0030914799,0.0033177799,-0.0001602323,0.0032391409,-0.0022516067,0.0018209217,0.0032074510,-0.0026885455,-0.0037308063,0.0012873910,0.0016374504,-0.0002266442,-0.0001472284,-0.0002934119,-0.0029178485,0.0007233863,0.0032647686,0.0026855300,0.0006208348,-0.0017093560,0.0011715379,-0.0005522500,-0.0031356546,0.0014739379,-0.0022915640
0.0000000000,0.0048262104,-0.0022911246,-0.0010480964,0.0010428485,0.0030384947,0.0018739222,-0.0043539142,0.0007737885,0.0040601708,0.0031988585,-0.0023131976,0.0005084103,0.0035313932,-0.0026737896,0.0000222857,0.0053145282,-0.0020326294,0.0002528497,0.0022557286,-0.0031553631,0.0032582589,0.0036804138,0.0005084508,0.0009596864,-0.0022049192,-0.0000740304,-0.0048962954,0.0008777962,-0.0049532735,-0.0015963015,-0.0028456013,0.0023573325,-0.0021808666,0.0015251090,0.0024519132,0.0041809470,-0.0035353452,-0.0019876789,-0.0014058746,-0.0033598074,0.0037316900,-0.0004393612,-0.0004670915,-0.0032238103,-0.0013536519,-0.0020405879,0.0003345077,0.0009336488,0.0029597284,-0.0040239820,-0.0013507022,0.0006634228,-0.0009315200,-0.0019202704,-0.0032492109,0.0026462195,-0.0029200028,0.0004292843,-0.0012650637,0.0051767570,-0.0042967322,-0.0022059354,-0.0013469431,0.0048322056,0.0029719319,0.0016184529,-0.0003864993,0.0036804138,-0.0024239079,0.0008282862,0.0024302370,-0.0040219344,-0.0017458099,-0.0028577704,0.0041676903,0.0022223114,-0.0014739379,0.0027959093,-0.0007638977,0.0022563109,0.0042925490,-0.0013886872,-0.0048273399,0.0031971046,0.0016184529,-0.0000141857,0.0017813986,-0.0011715379,-0.0016490053,-0.0014578819,0.0013020852,0.0004974039,0.0023123114,-0.0006597406,0.0002934119,-0.0023040492,-0.0044492541,0.0001602323,-0.0018684861
0.0000000000,0.0048262104,-0.0052242708,-0.0017024619,0.0039759947,0.0001053485,0.0012195566,-0.0053352134,0.0011010211,0.0024260007,0.0051587672,-0.0010052637,0.0034415565,0.0041857588,-0.0026737896,0.0032781890,0.0043332290,0.0005768662,-0.0004015159,0.0012744294,-0.0054404133,0.0035854915,0.0017205051,0.0014897500,0.0035691821,-0.0008969853,-0.0033299337,-0.0032621252,0.0041336995,-0.0042989079,0.0003636072,-0.0005605511,0.0049668281,-0.0038150367,0.0041346046,0.0011439793,0.0015714513,-0.0028809796,-0.0039475876,-0.0040153703,-0.0033598074,0.0056915987,-0.0010937268,-0.0017750254,-0.0002906641,-0.0023349510,-0.0010592887,0.0000072751,-0.0010262599,0.0045938986,-0.0030426828,-0.0036357523,0.0003361902,-0.0012587526,-0.0006123365,-0.0025948453,0.0016649203,0.0000131434,0.0010836499,-0.0006106981,0.0019208537,-0.0029887984,-0.0035138693,0.0019089602,0.0022227100,0.0006868817,-0.0016374504,0.0012476708,0.0017205051,-0.0030782735,0.0008282862,0.0027574696,-0.0007660311,0.0002140988,-0.0015498365,0.0025335201,0.0041822201,0.0001602323,0.0005108591,-0.0033733933,0.0019290783,0.0042925490,-0.0010614545,-0.0018941937,0.0005876090,-0.0016374504,-0.0016483558,0.0001472284,-0.0034565881,-0.0045821515,0.0011516137,0.0042352314,-0.0008105300,-0.0006208348,-0.0039156440,0.0025784621,-0.0013227500,-0.0024893454,-0.0014739379,0.0004165640
0.0000000000,0.0026547922,-0.0052242708,-0.0008307096,0.0026849903,-0.0011856560,0.0018736034,-0.0031667710,0.0011010211,0.0015570362,0.0042912619,-0.0014406084,0.0032260063,0.0039676547,-0.0048452078,0.0037079667,0.0021647866,0.0001447056,-0.0021407735,0.0014923675,-0.0043586806,0.0042398372,0.0019375466,0.0032276827,0.0046484320,-0.0015498365,-0.0018291463,-0.0026101702,0.0028464602,-0.0025596503,-0.0002872531,0.0009520292,0.0032434470,-0.0053331772,0.0021974760,-0.0005920991,0.0032948325,-0.0039701721,-0.0017880646,-0.0042314835,-0.0022699510,0.0037461488,0.0004292843,-0.0032952527,-0.0024353486,-0.0042884361,-0.0017128372,0.0015309825,0.0009191900,0.0026451764,-0.0034784924,-0.0042853196,0.0012083411,0.0009123349,0.0000405147,-0.0023767412,0.0029702260,-0.0008484011,-0.0004393612,-0.0006106981,0.0004200663,-0.0032065038,-0.0015624685,0.0031961995,0.0026548706,0.0026284667,-0.0016374504,0.0003787064,0.0019375466,-0.0013390159,0.0010465233,0.0031938109,-0.0016250628,0.0017296900,-0.0008969853,0.0014478110,0.0052661061,0.0014623554,0.0009440139,-0.0048825019,0.0014927370,0.0032026926,-0.0023683525,-0.0008177553,-0.0013495197,-0.0016374504,-0.0018657625,-0.0018014938,-0.0025908063,-0.0058731560,0.0033018999,0.0061673137,0.0013555988,-0.0023397264,-0.0049889429,0.0034442439,0.0004151827,-0.0011894088,-0.0001718148,-0.0000165907
0.0000000000,0.0026547922,-0.0022911246,-0.0001763440,-0.0002481560,0.0017474903,0.0025279689,-0.0021854718,0.0007737885,0.0031912064,0.0023313532,-0.0027485423,0.0002928600,0.0033132891,-0.0048452078,0.0004520634,0.0031460858,-0.0024647900,-0.0014864079,0.0024736666,-0.0020736304,0.0039126046,0.0038974553,0.0022463835,0.0020389364,-0.0028577704,0.0014267570,-0.0042443404,-0.0004094431,-0.0032140159,-0.0022471618,-0.0013330210,0.0006339513,-0.0036990070,-0.0004120197,0.0007158348,0.0059043281,-0.0046245376,0.0001718440,-0.0016219878,-0.0022699510,0.0017862401,0.0010836499,-0.0019873188,-0.0053684948,-0.0033071369,-0.0026941364,0.0018582151,0.0028790987,0.0010110062,-0.0044597916,-0.0020002694,0.0015355737,0.0012395676,-0.0012674192,-0.0030311068,0.0039515252,-0.0037815473,-0.0010937268,-0.0012650637,0.0036759696,-0.0045144377,-0.0002545346,-0.0000597038,0.0052643662,0.0049135169,0.0016184529,-0.0012554638,0.0038974553,-0.0006846503,0.0010465233,0.0028665783,-0.0048809662,-0.0002302187,-0.0022049192,0.0030819812,0.0033061974,-0.0001718148,0.0032290640,-0.0022730063,0.0018199696,0.0032026926,-0.0026955851,-0.0037509015,0.0012599760,0.0016184529,-0.0002315923,-0.0001673236,-0.0003057561,-0.0029400097,0.0006924042,0.0032341674,0.0026635327,0.0005934198,-0.0017330396,0.0011591937,-0.0005661165,-0.0031493175,0.0014623554,-0.0023016409
0.0000000000,0.0048262104,-0.0037576977,-0.0013752792,0.0025094216,0.0015719216,0.0015467394,-0.0048445638,0.0009374048,0.0032430858,0.0041788128,-0.0016592307,0.0019749834,0.0038585760,-0.0026737896,0.0016502373,0.0048238786,-0.0007278816,-0.0000743331,0.0017650790,-0.0042978882,0.0034218752,0.0027004594,0.0009991004,0.0022644342,-0.0015509522,-0.0017019820,-0.0040792103,0.0025057478,-0.0046260907,-0.0006163471,-0.0017030762,0.0036620803,-0.0029979517,0.0028298568,0.0017979463,0.0028761992,-0.0032081624,-0.0029676333,-0.0027106224,-0.0033598074,0.0047116443,-0.0007665440,-0.0011210585,-0.0017572372,-0.0018443015,-0.0015499383,0.0001708914,-0.0000463055,0.0037768135,-0.0035333324,-0.0024932273,0.0004998065,-0.0010951363,-0.0012663034,-0.0029220281,0.0021555699,-0.0014534297,0.0007564671,-0.0009378809,0.0035488054,-0.0036427653,-0.0028599024,0.0002810086,0.0035274578,0.0018294068,-0.0000094987,0.0004305858,0.0027004594,-0.0027510907,0.0008282862,0.0025938533,-0.0023939827,-0.0007658556,-0.0022038034,0.0033506052,0.0032022657,-0.0006568528,0.0016533842,-0.0020686455,0.0020926946,0.0042925490,-0.0012250708,-0.0033607668,0.0018923568,-0.0000094987,-0.0008312708,0.0009643135,-0.0023140630,-0.0031155784,-0.0001531341,0.0027686583,-0.0001565630,0.0008457383,-0.0022876923,0.0014359370,-0.0018133996,-0.0034692997,-0.0006568528,-0.0007259610
0.0000000000,0.0037405013,-0.0052242708,-0.0012665858,0.0033304925,-0.0005401537,0.0015465800,-0.0042509922,0.0011010211,0.0019915185,0.0047250145,-0.0012229360,0.0033337814,0.0040767067,-0.0037594987,0.0034930779,0.0032490078,0.0003607859,-0.0012711447,0.0013833985,-0.0048995470,0.0039126644,0.0018290258,0.0023587163,0.0041088070,-0.0012234109,-0.0025795400,-0.0029361477,0.0034900799,-0.0034292791,0.0000381771,0.0001957390,0.0041051376,-0.0045741070,0.0031660403,0.0002759401,0.0024331419,-0.0034255759,-0.0028678261,-0.0041234269,-0.0028148792,0.0047188737,-0.0003322212,-0.0025351390,-0.0013630063,-0.0033116936,-0.0013860630,0.0007691288,-0.0000535350,0.0036195375,-0.0032605876,-0.0039605360,0.0007722657,-0.0001732088,-0.0002859109,-0.0024857933,0.0023175731,-0.0004176289,0.0003221443,-0.0006106981,0.0011704600,-0.0030976511,-0.0025381689,0.0025525799,0.0024387903,0.0016576742,-0.0016374504,0.0008131886,0.0018290258,-0.0022086447,0.0009374048,0.0029756403,-0.0011955470,0.0009718944,-0.0012234109,0.0019906655,0.0047241631,0.0008112938,0.0007274365,-0.0041279476,0.0017109076,0.0037476208,-0.0017149035,-0.0013559745,-0.0003809553,-0.0016374504,-0.0017570592,-0.0008271327,-0.0030236972,-0.0052276537,0.0022267568,0.0052012725,0.0002725344,-0.0014802806,-0.0044522935,0.0030113530,-0.0004537837,-0.0018393771,-0.0008228764,0.0001999867
0.0000000000,0.0026547922,-0.0037576977,-0.0005035268,0.0012184172,0.0002809172,0.0022007861,-0.0026761214,0.0009374048,0.0023741213,0.0033113076,-0.0020945753,0.0017594331,0.0036404719,-0.0048452078,0.0020800150,0.0026554362,-0.0011600422,-0.0018135907,0.0019830170,-0.0032161555,0.0040762209,0.0029175010,0.0027370331,0.0033436842,-0.0022038034,-0.0002011946,-0.0034272553,0.0012185086,-0.0028868331,-0.0012672074,-0.0001904959,0.0019386992,-0.0045160921,0.0008927282,0.0000618678,0.0045995803,-0.0042973549,-0.0008081103,-0.0029267357,-0.0022699510,0.0027661945,0.0007564671,-0.0026412857,-0.0039019217,-0.0037977865,-0.0022034868,0.0016945988,0.0018991443,0.0018280913,-0.0039691420,-0.0031427945,0.0013719574,0.0010759513,-0.0006134522,-0.0027039240,0.0034608756,-0.0023149742,-0.0007665440,-0.0009378809,0.0020480180,-0.0038604708,-0.0009085016,0.0015682478,0.0039596184,0.0037709918,-0.0000094987,-0.0004383787,0.0029175010,-0.0010118331,0.0010465233,0.0030301946,-0.0032530145,0.0007497356,-0.0015509522,0.0022648961,0.0042861517,0.0006452703,0.0020865390,-0.0035777541,0.0016563533,0.0032026926,-0.0025319688,-0.0022843284,-0.0000447718,-0.0000094987,-0.0010486774,-0.0009844087,-0.0014482812,-0.0044065828,0.0019971520,0.0047007406,0.0020095658,-0.0008731533,-0.0033609913,0.0023017188,-0.0000754669,-0.0021693632,0.0006452703,-0.0011591158
0.0000000000,0.0037405013,-0.0022911246,-0.0006122202,0.0003973463,0.0023929925,0.0022009456,-0.0032696930,0.0007737885,0.0036256886,0.0027651059,-0.0025308699,0.0004006352,0.0034223412,-0.0037594987,0.0002371745,0.0042303070,-0.0022487097,-0.0006167791,0.0023646976,-0.0026144968,0.0035854317,0.0037889345,0.0013774171,0.0014993114,-0.0025313448,0.0006763633,-0.0045703179,0.0002341765,-0.0040836447,-0.0019217316,-0.0020893112,0.0014956419,-0.0029399368,0.0005565447,0.0015838740,0.0050426376,-0.0040799414,-0.0009079174,-0.0015139312,-0.0028148792,0.0027589650,0.0003221443,-0.0012272052,-0.0042961526,-0.0023303944,-0.0023673621,0.0010963614,0.0019063737,0.0019853673,-0.0042418868,-0.0016754858,0.0010994983,0.0001540238,-0.0015938448,-0.0031401588,0.0032988723,-0.0033507751,-0.0003322212,-0.0012650637,0.0044263633,-0.0044055850,-0.0012302350,-0.0007033235,0.0050482859,0.0039427244,0.0016184529,-0.0008209815,0.0037889345,-0.0015542791,0.0009374048,0.0026484076,-0.0044514503,-0.0009880143,-0.0025313448,0.0036248357,0.0027642544,-0.0008228764,0.0030124867,-0.0015184520,0.0020381403,0.0037476208,-0.0020421361,-0.0042891207,0.0022285403,0.0016184529,-0.0001228890,0.0008070375,-0.0007386470,-0.0022945075,-0.0003827388,0.0022681263,0.0015804683,0.0014528656,-0.0011963901,0.0007263028,-0.0014350829,-0.0037992858,0.0008112938,-0.0020850635
0.0000000000,0.0037594987,-0.0022757292,-0.0006084142,0.0004195075,0.0024151537,0.0022034200,-0.0032490078,0.0007739789,0.0036334815,0.0027749855,-0.0025270640,0.0004162186,0.0034232933,-0.0037405013,0.0002569221,0.0042509922,-0.0022357859,-0.0006038553,0.0023666015,-0.0026004530,0.0035873356,0.0037959742,0.0013912837,0.0015161930,-0.0025265891,0.0007045400,-0.0045638523,0.0002599201,-0.0040707209,-0.0019131771,-0.0020707390,0.0015198624,-0.0029258930,0.0005839597,0.0015990599,0.0050668581,-0.0040744241,-0.0008821739,-0.0015015731,-0.0028101208,0.0027811263,0.0003322212,-0.0012148610,-0.0042619937,-0.0023133064,-0.0023639370,0.0011058712,0.0019285350,0.0020054625,-0.0042394124,-0.0016644640,0.0011027343,0.0001732088,-0.0015890891,-0.0031392067,0.0033074269,-0.0033323711,-0.0003221443,-0.0012643019,0.0044545400,-0.0044023489,-0.0012118311,-0.0006775799,0.0050612097,0.0039673258,0.0016374504,-0.0008131886,0.0037959742,-0.0015413553,0.0009375952,0.0026493597,-0.0044294530,-0.0009718944,-0.0025265891,0.0036343345,0.0027758369,-0.0008112938,0.0030225635,-0.0014970524,0.0020390924,0.0037523792,-0.0020350965,-0.0042690255,0.0022559553,0.0016374504,-0.0001179408,0.0008271327,-0.0007263028,-0.0022723463,-0.0003517568,0.0022987275,0.0016024656,0.0014802806,-0.0011727065,0.0007386470,-0.0014212163,-0.0037856229,0.0008228764,-0.0020749867
0.0000000000,0.0026737896,-0.0037423023,-0.0004997208,0.0012405784,0.0003030784,0.0022032606,-0.0026554362,0.0009375952,0.0023819142,0.0033211872,-0.0020907693,0.0017750166,0.0036414240,-0.0048262104,0.0020997627,0.0026761214,-0.0011471184,-0.0018006669,0.0019849210,-0.0032021118,0.0040781248,0.0029245406,0.0027508996,0.0033605658,-0.0021990478,-0.0001730180,-0.0034207897,0.0012442522,-0.0028739093,-0.0012586529,-0.0001719238,0.0019629197,-0.0045020483,0.0009201432,0.0000770537,0.0046238008,-0.0042918376,-0.0007823667,-0.0029143776,-0.0022651926,0.0027883557,0.0007665440,-0.0026289415,-0.0038677628,-0.0037806985,-0.0022000617,0.0017041086,0.0019213055,0.0018481865,-0.0039666676,-0.0031317727,0.0013751935,0.0010951363,-0.0006086966,-0.0027029719,0.0034694301,-0.0022965703,-0.0007564671,-0.0009371191,0.0020761946,-0.0038572347,-0.0008900976,0.0015939914,0.0039725422,0.0037955932,0.0000094987,-0.0004305858,0.0029245406,-0.0009989093,0.0010467138,0.0030311467,-0.0032310173,0.0007658556,-0.0015461966,0.0022743948,0.0042977343,0.0006568528,0.0020966158,-0.0035563545,0.0016573054,0.0032074510,-0.0025249292,-0.0022642332,-0.0000173568,0.0000094987,-0.0010437292,-0.0009643135,-0.0014359370,-0.0043844216,0.0020281341,0.0047313417,0.0020315630,-0.0008457383,-0.0033373077,0.0023140630,-0.0000616004,-0.0021557003,0.0006568528,-0.0011490390
0.0000000000,0.0037594987,-0.0052088754,-0.0012627798,0.0033526537,-0.0005179925,0.0015490544,-0.0042303070,0.0011012115,0.0019993114,0.0047348941,-0.0012191301,0.0033493648,0.0040776588,-0.0037405013,0.0035128255,0.0032696930,0.0003737097,-0.0012582209,0.0013853024,-0.0048855032,0.0039145683,0.0018360655,0.0023725829,0.0041256886,-0.0012186552,-0.0025513633,-0.0029296821,0.0035158235,-0.0034163553,0.0000467316,0.0002143112,0.0041293581,-0.0045600632,0.0031934553,0.0002911260,0.0024573624,-0.0034200586,-0.0028420826,-0.0041110688,-0.0028101208,0.0047410350,-0.0003221443,-0.0025227948,-0.0013288474,-0.0032946056,-0.0013826379,0.0007786386,-0.0000313737,0.0036396327,-0.0032581132,-0.0039495142,0.0007755017,-0.0001540238,-0.0002811552,-0.0024848412,0.0023261277,-0.0003992249,0.0003322212,-0.0006099363,0.0011986367,-0.0030944150,-0.0025197650,0.0025783235,0.0024517141,0.0016822756,-0.0016184529,0.0008209815,0.0018360655,-0.0021957209,0.0009375952,0.0029765924,-0.0011735497,0.0009880143,-0.0012186552,0.0020001643,0.0047357456,0.0008228764,0.0007375133,-0.0041065480,0.0017118597,0.0037523792,-0.0017078639,-0.0013358793,-0.0003535403,-0.0016184529,-0.0017521110,-0.0008070375,-0.0030113530,-0.0052054925,0.0022577388,0.0052318737,0.0002945317,-0.0014528656,-0.0044286099,0.0030236972,-0.0004399171,-0.0018257142,-0.0008112938,0.0002100635
0.0000000000,0.0048452078,-0.0037423023,-0.0013714732,0.0025315828,0.0015940828,0.0015492139,-0.0048238786,0.0009375952,0.0032508787,0.0041886924,-0.0016554247,0.0019905669,0.0038595281,-0.0026547922,0.0016699850,0.0048445638,-0.0007149578,-0.0000614093,0.0017669830,-0.0042838445,0.0034237791,0.0027074990,0.0010129669,0.0022813158,-0.0015461966,-0.0016738054,-0.0040727447,0.0025314914,-0.0046131669,-0.0006077926,-0.0016845041,0.0036863008,-0.0029839079,0.0028572718,0.0018131322,0.0029004197,-0.0032026451,-0.0029418897,-0.0026982643,-0.0033550490,0.0047338055,-0.0007564671,-0.0011087143,-0.0017230783,-0.0018272135,-0.0015465132,0.0001804012,-0.0000241443,0.0037969087,-0.0035308580,-0.0024822055,0.0005030426,-0.0010759513,-0.0012615478,-0.0029210760,0.0021641244,-0.0014350258,0.0007665440,-0.0009371191,0.0035769820,-0.0036395292,-0.0028414984,0.0003067522,0.0035403816,0.0018540082,0.0000094987,0.0004383787,0.0027074990,-0.0027381669,0.0008284767,0.0025948054,-0.0023719855,-0.0007497356,-0.0021990478,0.0033601039,0.0032138483,-0.0006452703,0.0016634610,-0.0020472459,0.0020936467,0.0042973074,-0.0012180312,-0.0033406716,0.0019197718,0.0000094987,-0.0008263226,0.0009844087,-0.0023017188,-0.0030934172,-0.0001221520,0.0027992594,-0.0001345658,0.0008731533,-0.0022640087,0.0014482812,-0.0017995331,-0.0034556368,-0.0006452703,-0.0007158842
0.0000000000,0.0048357091,-0.0052165731,-0.0017005590,0.0039870753,0.0001164291,0.0012207939,-0.0053248708,0.0011011163,0.0024298971,0.0051637070,-0.0010033607,0.0034493482,0.0041862349,-0.0026642909,0.0032880628,0.0043435716,0.0005833281,-0.0003950540,0.0012753814,-0.0054333915,0.0035864435,0.0017240249,0.0014966832,0.0035776228,-0.0008946075,-0.0033158454,-0.0032588924,0.0041465713,-0.0042924460,0.0003678845,-0.0005512650,0.0049789384,-0.0038080149,0.0041483122,0.0011515723,0.0015835616,-0.0028782210,-0.0039347158,-0.0040091912,-0.0033574282,0.0057026793,-0.0010886884,-0.0017688533,-0.0002735847,-0.0023264070,-0.0010575762,0.0000120300,-0.0010151793,0.0046039462,-0.0030414456,-0.0036302415,0.0003378083,-0.0012491601,-0.0006099587,-0.0025943693,0.0016691976,0.0000223453,0.0010886884,-0.0006103172,0.0019349420,-0.0029871803,-0.0035046673,0.0019218320,0.0022291719,0.0006991824,-0.0016279517,0.0012515673,0.0017240249,-0.0030718116,0.0008283815,0.0027579457,-0.0007550324,0.0002221587,-0.0015474587,0.0025382695,0.0041880113,0.0001660235,0.0005158975,-0.0033626935,0.0019295543,0.0042949282,-0.0010579347,-0.0018841461,0.0006013165,-0.0016279517,-0.0016458818,0.0001572760,-0.0034504160,-0.0045710709,0.0011671047,0.0042505320,-0.0007995313,-0.0006071273,-0.0039038022,0.0025846342,-0.0013158168,-0.0024825139,-0.0014681466,0.0004216025
0.0000000000,0.0048357091,-0.0022834269,-0.0010461934,0.0010539291,0.0030495753,0.0018751594,-0.0043435716,0.0007738837,0.0040640673,0.0032037983,-0.0023112946,0.0005162020,0.0035318693,-0.0026642909,0.0000321595,0.0053248708,-0.0020261675,0.0002593116,0.0022566806,-0.0031483413,0.0032592108,0.0036839336,0.0005153840,0.0009681272,-0.0022025413,-0.0000599420,-0.0048930626,0.0008906680,-0.0049468116,-0.0015920242,-0.0028363152,0.0023694427,-0.0021738447,0.0015388165,0.0024595062,0.0041930573,-0.0035325866,-0.0019748071,-0.0013996956,-0.0033574282,0.0037427706,-0.0004343228,-0.0004609194,-0.0032067309,-0.0013451079,-0.0020388753,0.0003392626,0.0009447294,0.0029697760,-0.0040227448,-0.0013451913,0.0006650409,-0.0009219274,-0.0019178925,-0.0032487349,0.0026504968,-0.0029108009,0.0004343228,-0.0012646828,0.0051908454,-0.0042951142,-0.0021967335,-0.0013340713,0.0048386675,0.0029842326,0.0016279517,-0.0003826029,0.0036839336,-0.0024174460,0.0008283815,0.0024307131,-0.0040109358,-0.0017377499,-0.0028553925,0.0041724396,0.0022281027,-0.0014681466,0.0028009477,-0.0007531979,0.0022567869,0.0042949282,-0.0013851674,-0.0048172923,0.0032108122,0.0016279517,-0.0000117116,0.0017914462,-0.0011653658,-0.0016379247,-0.0014423909,0.0013173857,0.0005084026,0.0023260189,-0.0006478988,0.0002995840,-0.0022971160,-0.0044424226,0.0001660235,-0.0018634477
0.0000000000,0.0026642909,-0.0052165731,-0.0008288066,0.0026960709,-0.0011745753,0.0018748406,-0.0031564284,0.0011011163,0.0015609327,0.0042962017,-0.0014387054,0.0032337980,0.0039681307,-0.0048357091,0.0037178405,0.0021751292,0.0001511675,-0.0021343116,0.0014933194,-0.0043516587,0.0042407892,0.0019410664,0.0032346160,0.0046568728,-0.0015474587,-0.0018150580,-0.0026069374,0.0028593320,-0.0025531884,-0.0002829758,0.0009613152,0.0032555573,-0.0053261553,0.0022111835,-0.0005845062,0.0033069427,-0.0039674134,-0.0017751929,-0.0042253044,-0.0022675718,0.0037572294,0.0004343228,-0.0032890806,-0.0024182691,-0.0042798921,-0.0017111247,0.0015357374,0.0009302706,0.0026552240,-0.0034772552,-0.0042798087,0.0012099591,0.0009219274,0.0000428925,-0.0023762651,0.0029745032,-0.0008391991,-0.0004343228,-0.0006103172,0.0004341546,-0.0032048858,-0.0015532665,0.0032090713,0.0026613325,0.0026407674,-0.0016279517,0.0003826029,0.0019410664,-0.0013325540,0.0010466185,0.0031942869,-0.0016140642,0.0017377499,-0.0008946075,0.0014525604,0.0052718973,0.0014681466,0.0009490523,-0.0048718021,0.0014932131,0.0032050718,-0.0023648326,-0.0008077077,-0.0013358122,-0.0016279517,-0.0018632884,-0.0017914462,-0.0025846342,-0.0058620753,0.0033173909,0.0061826143,0.0013665974,-0.0023260189,-0.0049771012,0.0034504160,0.0004221160,-0.0011825774,-0.0001660235,-0.0000115523
0.0000000000,0.0026642909,-0.0022834269,-0.0001744410,-0.0002370753,0.0017585709,0.0025292061,-0.0021751292,0.0007738837,0.0031951029,0.0023362930,-0.0027466393,0.0003006518,0.0033137651,-0.0048357091,0.0004619372,0.0031564284,-0.0024583281,-0.0014799460,0.0024746186,-0.0020666085,0.0039135565,0.0039009751,0.0022533168,0.0020473772,-0.0028553925,0.0014408454,-0.0042411076,-0.0003965713,-0.0032075540,-0.0022428845,-0.0013237350,0.0006460616,-0.0036919851,-0.0003983122,0.0007234277,0.0059164384,-0.0046217790,0.0001847158,-0.0016158088,-0.0022675718,0.0017973207,0.0010886884,-0.0019811467,-0.0053514153,-0.0032985930,-0.0026924238,0.0018629700,0.0028901793,0.0010210538,-0.0044585544,-0.0019947585,0.0015371917,0.0012491601,-0.0012650413,-0.0030306307,0.0039558024,-0.0037723453,-0.0010886884,-0.0012646828,0.0036900580,-0.0045128197,-0.0002453327,-0.0000468320,0.0052708281,0.0049258176,0.0016279517,-0.0012515673,0.0039009751,-0.0006781884,0.0010466185,0.0028670543,-0.0048699676,-0.0002221587,-0.0022025413,0.0030867305,0.0033119887,-0.0001660235,0.0032341025,-0.0022623065,0.0018204457,0.0032050718,-0.0026920653,-0.0037408539,0.0012736835,0.0016279517,-0.0002291182,-0.0001572760,-0.0002995840,-0.0029289291,0.0007078953,0.0032494680,0.0026745313,0.0006071273,-0.0017211978,0.0011653658,-0.0005591832,-0.0031424861,0.0014681466,-0.0022966025
