0.0000000000,0.0027045722,0.0016599228,0.0028907468,-0.0007159708,-0.0014232152,0.0009284174,-0.0032876184,-0.0028061296,-0.0022101700,0.0009057434,0.0032046468,-0.0016893459,0.0019717087,-0.0015342183,-0.0016934646,0.0030076133,0.0007294418,-0.0037355289,0.0008044403,-0.0007887104,-0.0014251878,0.0043042718,0.0021844917,0.0015333626,-0.0004679588,0.0024070372,0.0024250061,0.0034711079,-0.0045325533,0.0004147509,-0.0033382816,0.0030935970,0.0003430441,0.0007653137,0.0029638435,-0.0034170878,-0.0010310412,-0.0035192129,-0.0011309317,0.0017686756,-0.0032759313,-0.0009728200,-0.0009047997,0.0002853442,-0.0013829276,-0.0020768251,-0.0025015259,0.0028006719,0.0001151604,-0.0036442685,0.0005560940,-0.0026626355,0.0005347027,0.0025408820,-0.0044962396,-0.0025314673,0.0023131302,-0.0018462169,-0.0045016586,0.0001933696,0.0012400906,-0.0015164658,0.0004998339,0.0025512756,-0.0024931233,0.0026135767,-0.0044813561,0.0049510684,0.0037037349,0.0026004212,-0.0020704670,0.0006967874,-0.0007367286,0.0035268815,0.0025253619,0.0014534656,0.0036877234,-0.0009711952,-0.0028044554,0.0048407230,-0.0005958224,-0.0036380369,0.0003013868,0.0013710205,-0.0003795309,0.0021582077,-0.0043780304,-0.0001659385,0.0036567351,0.0051356549,0.0013215555,0.0035244067,-0.0034843322,-0.0033803968,-0.0021590672,0.0018414453,-0.0005821883,0.0014904617,0.0040939087
0.0000000000,0.0027017165,0.0013276293,0.0028764709,-0.0009496350,-0.0017555087,0.0007346328,-0.0033589261,-0.0030937965,-0.0023525973,0.0006640349,0.0031333391,-0.0022015371,0.0017295837,-0.0015599145,-0.0019811316,0.0027513898,0.0004763130,-0.0037469509,0.0007758922,-0.0009398069,-0.0014993820,0.0041305988,0.0021473892,0.0012491740,-0.0005848085,0.0020968767,0.0022825788,0.0031412731,-0.0047746783,0.0002098847,-0.0036591549,0.0028998125,-0.0000120760,0.0005715292,0.0029153207,-0.0036447911,-0.0011821377,-0.0037240792,-0.0013247162,0.0017658199,-0.0034240696,-0.0011666045,-0.0009504738,-0.0000835384,-0.0014542353,-0.0022050950,-0.0025300739,0.0024683784,0.0000409661,-0.0039004919,0.0003710007,-0.0028479371,0.0004605085,0.0024240323,-0.0046900241,-0.0025828245,0.0018009389,-0.0020400014,-0.0046954431,-0.0002711866,0.0010549974,-0.0016077027,-0.0000123574,0.0022670870,-0.0027037005,0.0022275680,-0.0047344848,0.0045650597,0.0036923129,0.0025889992,-0.0020847430,0.0003669526,-0.0010209172,0.0034555738,0.0024284141,0.0012485993,0.0036049955,-0.0013936862,-0.0031253287,0.0046070589,-0.0006215187,-0.0036437479,-0.0002108044,0.0009064643,-0.0007093657,0.0018030876,-0.0045886077,-0.0003085326,0.0034146101,0.0047245842,0.0008093643,0.0033393135,-0.0037179964,-0.0038028879,-0.0023441605,0.0016761810,-0.0008663768,0.0013935139,0.0039428122
0.0000000000,0.0029166381,0.0000205323,0.0026892030,-0.0009622327,-0.0006589270,-0.0009806823,-0.0023865279,-0.0009223783,-0.0035155340,-0.0007656935,0.0025096929,0.0000031716,0.0036929743,-0.0022044174,-0.0018387973,0.0007126983,-0.0005523743,-0.0038076871,0.0010055160,-0.0012418147,-0.0004223975,0.0030636336,0.0016242028,0.0024004493,0.0005490323,0.0030107106,0.0033141199,0.0042352005,-0.0028975381,0.0015832238,-0.0021157232,0.0027097097,-0.0022981110,0.0012746438,0.0025778275,-0.0042669704,-0.0026625262,-0.0022111083,-0.0009187292,0.0019832265,-0.0040816372,-0.0028412831,-0.0010567784,0.0017544017,-0.0024179082,-0.0034763373,-0.0031530812,0.0046024183,-0.0000041190,-0.0019229590,0.0011625265,-0.0010967834,-0.0005750383,0.0012901915,-0.0029575137,-0.0031653704,-0.0002308076,-0.0037146800,-0.0029551254,-0.0022605863,0.0025938147,-0.0023331243,-0.0021819878,0.0010211898,-0.0013897726,0.0009204710,-0.0029231217,0.0024164377,0.0037530491,0.0030253404,-0.0016562128,0.0013882130,-0.0029060077,0.0040635331,0.0029855121,0.0024374255,0.0039251609,0.0008287860,-0.0048484194,0.0026445620,-0.0012734737,-0.0038379810,0.0017844500,-0.0015063298,0.0001629180,-0.0003867316,-0.0032526507,0.0000154613,0.0036442767,0.0024996544,0.0026526860,0.0019888675,-0.0042063139,-0.0024725883,-0.0033203651,0.0000766701,0.0007291081,0.0021581390,0.0035598227
0.0000000000,0.0029194938,0.0003528258,0.0027034790,-0.0007285685,-0.0003266335,-0.0007868978,-0.0023152202,-0.0006347113,-0.0033731067,-0.0005239850,0.0025810006,0.0005153628,0.0039350993,-0.0021787212,-0.0015511303,0.0009689218,-0.0002992456,-0.0037962651,0.0010340640,-0.0010907182,-0.0003482032,0.0032373066,0.0016613054,0.0026846379,0.0006658820,0.0033208711,0.0034565472,0.0045650353,-0.0026554131,0.0017880900,-0.0017948500,0.0029034943,-0.0019429910,0.0014684284,0.0026263503,-0.0040392671,-0.0025114297,-0.0020062421,-0.0007249447,0.0019860822,-0.0039334989,-0.0026474986,-0.0010111044,0.0021232843,-0.0023466005,-0.0033480674,-0.0031245332,0.0049347118,0.0000700753,-0.0016667356,0.0013476197,-0.0009114817,-0.0005008440,0.0014070412,-0.0027637291,-0.0031140131,0.0002813836,-0.0035208955,-0.0027613408,-0.0017960301,0.0027789080,-0.0022418874,-0.0016697966,0.0013053783,-0.0011791954,0.0013064797,-0.0026699929,0.0028024463,0.0037644711,0.0030367624,-0.0016419369,0.0017180478,-0.0026218191,0.0041348407,0.0030824599,0.0026422917,0.0040078888,0.0012512770,-0.0045275462,0.0028782262,-0.0012477775,-0.0038322700,0.0022966412,-0.0010417736,0.0004927528,-0.0000316115,-0.0030420735,0.0001580554,0.0038864017,0.0029107252,0.0031648772,0.0021739607,-0.0039726497,-0.0020500973,-0.0031352718,0.0002419344,0.0010132967,0.0022550869,0.0037109192
0.0000000000,0.0027083619,0.0018544677,0.0029357970,-0.0009127673,-0.0012160730,0.0009806823,-0.0032384721,-0.0028276217,-0.0021094660,0.0007656935,0.0031153071,-0.0018781716,0.0019320257,-0.0015455826,-0.0019112027,0.0030373017,0.0005523743,-0.0036923129,0.0008694840,-0.0006331853,-0.0014526025,0.0044363664,0.0021257972,0.0013495507,-0.0005490323,0.0026142894,0.0023108801,0.0032647995,-0.0046024619,0.0002917762,-0.0035092768,0.0029152903,0.0004231110,0.0006003562,0.0030471725,-0.0032330296,-0.0010874738,-0.0034138917,-0.0009562708,0.0017667735,-0.0034183628,-0.0009087169,-0.0008182216,0.0001205983,-0.0013320918,-0.0021486627,-0.0024719188,0.0028975817,0.0000041190,-0.0037020410,0.0007124735,-0.0026532166,0.0005750383,0.0024598085,-0.0045424863,-0.0024596296,0.0021058076,-0.0019103200,-0.0045448746,0.0003855863,0.0011561853,-0.0014168757,0.0003069878,0.0027288102,-0.0023602274,0.0028295290,-0.0045768783,0.0050835623,0.0037469509,0.0025996596,-0.0020937872,0.0004867870,-0.0008439923,0.0034364669,0.0026394879,0.0013125745,0.0035748391,-0.0008287860,-0.0026515806,0.0048554380,-0.0006015263,-0.0036620190,0.0000905500,0.0015063298,-0.0001629180,0.0022617316,-0.0042473493,-0.0000154613,0.0038557233,0.0050003456,0.0010973140,0.0036361325,-0.0032936861,-0.0031524117,-0.0023046349,0.0017983299,-0.0007291081,0.0015918610,0.0039401773
0.0000000000,0.0027055062,0.0015221742,0.0029215210,-0.0011464315,-0.0015483665,0.0007868978,-0.0033097798,-0.0031152887,-0.0022518933,0.0005239850,0.0030439994,-0.0023903628,0.0016899007,-0.0015712788,-0.0021988697,0.0027810782,0.0002992456,-0.0037037349,0.0008409360,-0.0007842818,-0.0015267968,0.0042626934,0.0020886946,0.0010653621,-0.0006658820,0.0023041289,0.0021684528,0.0029349647,-0.0048445869,0.0000869100,-0.0038301500,0.0027215057,0.0000679910,0.0004065716,0.0029986497,-0.0034607329,-0.0012385703,-0.0036187579,-0.0011500553,0.0017639178,-0.0035665011,-0.0011025014,-0.0008638956,-0.0002482843,-0.0014033995,-0.0022769326,-0.0025004668,0.0025652882,-0.0000700753,-0.0039582644,0.0005273803,-0.0028385183,0.0005008440,0.0023429588,-0.0047362709,-0.0025109869,0.0015936164,-0.0021041045,-0.0047386592,-0.0000789699,0.0009710920,-0.0015081126,-0.0002052034,0.0024446217,-0.0025708046,0.0024435203,-0.0048300071,0.0046975537,0.0037355289,0.0025882376,-0.0021080631,0.0001569522,-0.0011281809,0.0033651593,0.0025425401,0.0011077083,0.0034921112,-0.0012512770,-0.0029724538,0.0046217738,-0.0006272225,-0.0036677300,-0.0004216412,0.0010417736,-0.0004927528,0.0019066115,-0.0044579265,-0.0001580554,0.0036135983,0.0045892748,0.0005851228,0.0034510393,-0.0035273503,-0.0035749027,-0.0024897282,0.0016330656,-0.0010132967,0.0014949131,0.0037890808
0.0000000000,0.0029204278,0.0002150772,0.0027342532,-0.0011590292,-0.0004517848,-0.0009284174,-0.0023373816,-0.0009438704,-0.0034148300,-0.0009057434,0.0024203532,-0.0001856541,0.0036532913,-0.0022157817,-0.0020565354,0.0007423867,-0.0007294418,-0.0037644711,0.0010705597,-0.0010862896,-0.0004498122,0.0031957282,0.0015655083,0.0022166374,0.0004679588,0.0032179628,0.0031999939,0.0040288921,-0.0029674467,0.0014602491,-0.0022867184,0.0025314030,-0.0022180441,0.0011096863,0.0026611565,-0.0040829122,-0.0027189588,-0.0021057871,-0.0007440683,0.0019813244,-0.0042240687,-0.0027771800,-0.0009702003,0.0015896558,-0.0023670724,-0.0035481749,-0.0031234741,0.0046993281,-0.0001151604,-0.0019807315,0.0013189060,-0.0010873645,-0.0005347027,0.0012091180,-0.0030037604,-0.0030935327,-0.0004381302,-0.0037787831,-0.0029983414,-0.0020683696,0.0025099094,-0.0022335342,-0.0023748339,0.0011987244,-0.0012568767,0.0011364233,-0.0030186439,0.0025489316,0.0037962651,0.0030245788,-0.0016795330,0.0011782126,-0.0030132714,0.0039731185,0.0030996381,0.0022965344,0.0038122766,0.0009711952,-0.0046955446,0.0026592770,-0.0012791776,-0.0038619631,0.0015736132,-0.0013710205,0.0003795309,-0.0002832077,-0.0031219696,0.0001659385,0.0038432649,0.0023643451,0.0024284445,0.0021005933,-0.0040156678,-0.0022446032,-0.0034659328,0.0000335547,0.0005821883,0.0022595383,0.0034060913
0.0000000000,0.0029232835,0.0005473707,0.0027485291,-0.0009253650,-0.0001194913,-0.0007346328,-0.0022660739,-0.0006562035,-0.0032724027,-0.0006640349,0.0024916609,0.0003265371,0.0038954163,-0.0021900855,-0.0017688684,0.0009986102,-0.0004763130,-0.0037530491,0.0010991078,-0.0009351931,-0.0003756180,0.0033694012,0.0016026108,0.0025008260,0.0005848085,0.0035281233,0.0033424212,0.0043587269,-0.0027253217,0.0016651153,-0.0019658451,0.0027251875,-0.0018629240,0.0013034708,0.0027096793,-0.0038552089,-0.0025678623,-0.0019009208,-0.0005502838,0.0019841801,-0.0040759304,-0.0025833955,-0.0009245262,0.0019585384,-0.0022957647,-0.0034199050,-0.0030949261,0.0050316216,-0.0000409661,-0.0017245081,0.0015039993,-0.0009020629,-0.0004605085,0.0013259677,-0.0028099759,-0.0030421755,0.0000740611,-0.0035849986,-0.0028045569,-0.0016038134,0.0026950026,-0.0021422973,-0.0018626426,0.0014829130,-0.0010462995,0.0015224320,-0.0027655152,0.0029349403,0.0038076871,0.0030360008,-0.0016652570,0.0015080474,-0.0027290828,0.0040444262,0.0031965859,0.0025014007,0.0038950045,0.0013936862,-0.0043746713,0.0028929411,-0.0012534813,-0.0038562521,0.0020858044,-0.0009064643,0.0007093657,0.0000719124,-0.0029113923,0.0003085326,0.0040853899,0.0027754158,0.0029406357,0.0022856865,-0.0037820036,-0.0018221121,-0.0032808395,0.0001988190,0.0008663768,0.0023564861,0.0035571878
0.0000000000,0.0027069340,0.0016883210,0.0029286590,-0.0010295994,-0.0013822198,0.0008837901,-0.0032741260,-0.0029714552,-0.0021806796,0.0006448393,0.0030796532,-0.0021342672,0.0018109632,-0.0015584307,-0.0020550362,0.0029091899,0.0004258099,-0.0036980239,0.0008552100,-0.0007087335,-0.0014896996,0.0043495299,0.0021072459,0.0012074564,-0.0006074572,0.0024592092,0.0022396664,0.0030998821,-0.0047235244,0.0001893431,-0.0036697134,0.0028183980,0.0002455510,0.0005034639,0.0030229111,-0.0033468813,-0.0011630221,-0.0035163248,-0.0010531631,0.0017653457,-0.0034924320,-0.0010056092,-0.0008410586,-0.0000638430,-0.0013677456,-0.0022127977,-0.0024861928,0.0027314350,-0.0000329782,-0.0038301527,0.0006199269,-0.0027458675,0.0005379411,0.0024013837,-0.0046393786,-0.0024853083,0.0018497120,-0.0020072122,-0.0046417669,0.0001533082,0.0010636386,-0.0014624941,0.0000508922,0.0025867160,-0.0024655160,0.0026365246,-0.0047034427,0.0048905580,0.0037412399,0.0025939486,-0.0021009252,0.0003218696,-0.0009860866,0.0034008131,0.0025910140,0.0012101414,0.0035334752,-0.0010400315,-0.0028120172,0.0047386059,-0.0006143744,-0.0036648745,-0.0001655456,0.0012740517,-0.0003278354,0.0020841715,-0.0043526379,-0.0000867584,0.0037346608,0.0047948102,0.0008412184,0.0035435859,-0.0034105182,-0.0033636572,-0.0023971815,0.0017156977,-0.0008712024,0.0015433870,0.0038646291
0.0000000000,0.0028129670,0.0008686257,0.0028278871,-0.0011527304,-0.0010000757,-0.0000707598,-0.0028235807,-0.0020295796,-0.0028333617,-0.0001908792,0.0027321763,-0.0012880085,0.0026715960,-0.0018935303,-0.0021277025,0.0017617324,-0.0002150981,-0.0037341030,0.0009557479,-0.0009352857,-0.0009883045,0.0037292108,0.0018271014,0.0016409998,-0.0000989616,0.0027610459,0.0026842233,0.0034819284,-0.0039060168,0.0007735795,-0.0030584342,0.0026264544,-0.0010750266,0.0007581290,0.0028299031,-0.0037718226,-0.0019787646,-0.0028622725,-0.0009470618,0.0018726211,-0.0038952849,-0.0019398407,-0.0009170479,0.0006706858,-0.0018852359,-0.0029125538,-0.0028119705,0.0036323082,-0.0000926178,-0.0029694980,0.0009231431,-0.0019629414,-0.0000169294,0.0017760384,-0.0038700156,-0.0028022598,0.0005777431,-0.0029414438,-0.0038685003,-0.0010736697,0.0017405007,-0.0018708234,-0.0012900186,0.0018216731,-0.0019138407,0.0017899718,-0.0039243255,0.0036232427,0.0037658970,0.0028064082,-0.0018937981,0.0006675824,-0.0020707261,0.0036691389,0.0028210891,0.0017021213,0.0036521939,-0.0001400409,-0.0038339992,0.0036405254,-0.0009532000,-0.0037648465,0.0005759860,-0.0001646234,-0.0000566110,0.0008117019,-0.0037899480,0.0000039416,0.0037284316,0.0034768100,0.0015067837,0.0027758163,-0.0037715090,-0.0029097529,-0.0029778305,0.0008333101,-0.0002155542,0.0018772257,0.0035975861
0.0000000000,0.0028143948,0.0010347725,0.0028350251,-0.0010358983,-0.0008339289,0.0000261325,-0.0027879269,-0.0018857461,-0.0027621480,-0.0000700249,0.0027678301,-0.0010319129,0.0027926585,-0.0018806822,-0.0019838691,0.0018898442,-0.0000885337,-0.0037283920,0.0009700219,-0.0008597374,-0.0009512074,0.0038160473,0.0018456527,0.0017830941,-0.0000405367,0.0029161261,0.0027554370,0.0036468458,-0.0037849543,0.0008760127,-0.0028979976,0.0027233466,-0.0008974665,0.0008550212,0.0028541645,-0.0036579709,-0.0019032163,-0.0027598394,-0.0008501695,0.0018740490,-0.0038212157,-0.0018429485,-0.0008942109,0.0008551271,-0.0018495821,-0.0028484188,-0.0027976965,0.0037984549,-0.0000555207,-0.0028413863,0.0010156898,-0.0018702906,0.0000201678,0.0018344633,-0.0037731234,-0.0027765812,0.0008338387,-0.0028445515,-0.0037716080,-0.0008413917,0.0018330473,-0.0018252049,-0.0010339230,0.0019637673,-0.0018085521,0.0019829761,-0.0037977611,0.0038162470,0.0037716080,0.0028121192,-0.0018866601,0.0008324998,-0.0019286318,0.0037047927,0.0028695630,0.0018045545,0.0036935579,0.0000712046,-0.0036735626,0.0037573575,-0.0009403519,-0.0037619910,0.0008320816,0.0000676547,0.0001083064,0.0009892620,-0.0036846594,0.0000752386,0.0038494941,0.0036823453,0.0017628793,0.0028683629,-0.0036546770,-0.0026985074,-0.0028852838,0.0009159423,-0.0000734599,0.0019256996,0.0036731343
0.0000000000,0.0029218556,0.0003812240,0.0027413912,-0.0010421971,-0.0002856381,-0.0008315251,-0.0023017278,-0.0008000370,-0.0033436164,-0.0007848891,0.0024560070,0.0000704415,0.0037743538,-0.0022029336,-0.0019127019,0.0008704984,-0.0006028774,-0.0037587601,0.0010848337,-0.0010107414,-0.0004127151,0.0032825647,0.0015840596,0.0023587317,0.0005263837,0.0033730431,0.0032712076,0.0041938095,-0.0028463842,0.0015626822,-0.0021262818,0.0026282953,-0.0020404841,0.0012065786,0.0026854179,-0.0039690606,-0.0026434106,-0.0020033539,-0.0006471760,0.0019827523,-0.0041499995,-0.0026802878,-0.0009473632,0.0017740971,-0.0023314185,-0.0034840400,-0.0031092001,0.0048654749,-0.0000780633,-0.0018526198,0.0014114527,-0.0009947137,-0.0004976056,0.0012675428,-0.0029068681,-0.0030678541,-0.0001820346,-0.0036818908,-0.0029014491,-0.0018360915,0.0026024560,-0.0021879158,-0.0021187382,0.0013408187,-0.0011515881,0.0013294277,-0.0028920796,0.0027419359,0.0038019761,0.0030302898,-0.0016723950,0.0013431300,-0.0028711771,0.0040087724,0.0031481120,0.0023989675,0.0038536406,0.0011824407,-0.0045351079,0.0027761090,-0.0012663294,-0.0038591076,0.0018297088,-0.0011387424,0.0005444483,-0.0001056476,-0.0030166809,0.0002372356,0.0039643274,0.0025698805,0.0026845401,0.0021931399,-0.0038988357,-0.0020333577,-0.0033733861,0.0001161868,0.0007242826,0.0023080122,0.0034816395
0.0000000000,0.0028158227,0.0012009192,0.0028421631,-0.0009190662,-0.0006677822,0.0001230248,-0.0027522730,-0.0017419126,-0.0026909343,0.0000508293,0.0028034840,-0.0007758173,0.0029137210,-0.0018678341,-0.0018400356,0.0020179559,0.0000380306,-0.0037226810,0.0009842959,-0.0007841892,-0.0009141102,0.0039028838,0.0018642040,0.0019251883,0.0000178881,0.0030712064,0.0028266507,0.0038117632,-0.0036638918,0.0009784458,-0.0027375609,0.0028202389,-0.0007199065,0.0009519135,0.0028784259,-0.0035441193,-0.0018276681,-0.0026574062,-0.0007532773,0.0018754768,-0.0037471466,-0.0017460562,-0.0008713739,0.0010395684,-0.0018139282,-0.0027842839,-0.0027834225,0.0039646017,-0.0000184236,-0.0027132745,0.0011082364,-0.0017776398,0.0000572649,0.0018928881,-0.0036762311,-0.0027509026,0.0010899343,-0.0027476593,-0.0036747158,-0.0006091136,0.0019255940,-0.0017795865,-0.0007778274,0.0021058616,-0.0017032635,0.0021759805,-0.0036711967,0.0040092513,0.0037773190,0.0028178302,-0.0018795221,0.0009974172,-0.0017865376,0.0037404466,0.0029180369,0.0019069876,0.0037349218,0.0002824501,-0.0035131259,0.0038741896,-0.0009275038,-0.0037591355,0.0010881772,0.0002999327,0.0002732238,0.0011668220,-0.0035793708,0.0001465357,0.0039705566,0.0038878807,0.0020189749,0.0029609095,-0.0035378449,-0.0024872619,-0.0027927372,0.0009985745,0.0000686344,0.0019741735,0.0037486826
0.0000000000,0.0028120330,0.0010063743,0.0027971129,-0.0007222696,-0.0008749243,0.0000707598,-0.0028014193,-0.0017204204,-0.0027916383,0.0001908792,0.0028928237,-0.0005869915,0.0029534040,-0.0018564697,-0.0016222975,0.0019882676,0.0002150981,-0.0037658970,0.0009192521,-0.0009397143,-0.0008866955,0.0037707892,0.0019228986,0.0021090002,0.0000989616,0.0028639541,0.0029407767,0.0040180716,-0.0035939832,0.0011014205,-0.0025665658,0.0029985456,-0.0007999734,0.0011168710,0.0027950969,-0.0037281774,-0.0017712354,-0.0027627275,-0.0009279382,0.0018773789,-0.0036047151,-0.0018101593,-0.0009579521,0.0012043142,-0.0018647641,-0.0027124462,-0.0028130295,0.0038676918,0.0000926178,-0.0026555020,0.0009518569,-0.0017870586,0.0000169294,0.0019739616,-0.0036299844,-0.0028227402,0.0012972569,-0.0026835562,-0.0036314997,-0.0008013303,0.0020094993,-0.0018791766,-0.0005849814,0.0019283269,-0.0018361593,0.0019600282,-0.0035756745,0.0038767573,0.0037341030,0.0028185918,-0.0018562019,0.0012074176,-0.0016792739,0.0038308611,0.0028039109,0.0020478787,0.0038478061,0.0001400409,-0.0036660008,0.0038594746,-0.0009218000,-0.0037351535,0.0012990140,0.0001646234,0.0000566110,0.0010632981,-0.0037100520,-0.0000039416,0.0037715684,0.0040231900,0.0022432163,0.0028491837,-0.0037284910,-0.0027152471,-0.0026471695,0.0010416899,0.0002155542,0.0018727743,0.0039024139
0.0000000000,0.0029180660,0.0001866790,0.0026963410,-0.0008454006,-0.0004927802,-0.0008837901,-0.0023508740,-0.0007785448,-0.0034443204,-0.0006448393,0.0025453468,0.0002592672,0.0038140368,-0.0021915693,-0.0016949638,0.0008408101,-0.0004258099,-0.0038019761,0.0010197900,-0.0011662665,-0.0003853004,0.0031504701,0.0016427541,0.0025425436,0.0006074572,0.0031657908,0.0033853336,0.0044001179,-0.0027764756,0.0016856569,-0.0019552866,0.0028066020,-0.0021205510,0.0013715361,0.0026020889,-0.0041531187,-0.0025869779,-0.0021086752,-0.0008218369,0.0019846543,-0.0040075680,-0.0027443908,-0.0010339414,0.0019388430,-0.0023822544,-0.0034122023,-0.0031388072,0.0047685650,0.0000329782,-0.0017948473,0.0012550731,-0.0010041325,-0.0005379411,0.0013486163,-0.0028606214,-0.0031396917,0.0000252880,-0.0036177878,-0.0028582331,-0.0020283082,0.0026863614,-0.0022875059,-0.0019258922,0.0011632840,-0.0012844840,0.0011134754,-0.0027965573,0.0026094420,0.0037587601,0.0030310514,-0.0016490748,0.0015531304,-0.0027639134,0.0040991869,0.0030339860,0.0025398586,0.0039665248,0.0010400315,-0.0046879828,0.0027613941,-0.0012606256,-0.0038351255,0.0020405456,-0.0012740517,0.0003278354,-0.0002091715,-0.0031473621,0.0000867584,0.0037653392,0.0027051898,0.0029087816,0.0020814141,-0.0040894818,-0.0022613428,-0.0032278185,0.0001593023,0.0008712024,0.0022066130,0.0036353709
0.0000000000,0.0028106052,0.0008402275,0.0027899749,-0.0008391017,-0.0010410711,-0.0000261325,-0.0028370731,-0.0018642539,-0.0028628520,0.0000700249,0.0028571699,-0.0008430871,0.0028323415,-0.0018693178,-0.0017661309,0.0018601558,0.0000885337,-0.0037716080,0.0009049781,-0.0010152626,-0.0009237926,0.0036839527,0.0019043473,0.0019669059,0.0000405367,0.0027088739,0.0028695630,0.0038531542,-0.0037150457,0.0009989873,-0.0027270024,0.0029016534,-0.0009775335,0.0010199788,0.0027708355,-0.0038420291,-0.0018467837,-0.0028651606,-0.0010248305,0.0018759510,-0.0036787843,-0.0019070515,-0.0009807891,0.0010198729,-0.0019004179,-0.0027765812,-0.0028273035,0.0037015451,0.0000555207,-0.0027836137,0.0008593102,-0.0018797094,-0.0000201678,0.0019155367,-0.0037268766,-0.0028484188,0.0010411613,-0.0027804485,-0.0037283920,-0.0010336083,0.0019169527,-0.0019247951,-0.0008410770,0.0017862327,-0.0019414479,0.0017670239,-0.0037022389,0.0036837530,0.0037283920,0.0028128808,-0.0018633399,0.0010425002,-0.0018213682,0.0037952073,0.0027554370,0.0019454455,0.0038064421,-0.0000712046,-0.0038264374,0.0037426425,-0.0009346481,-0.0037380090,0.0010429184,-0.0000676547,-0.0001083064,0.0008857380,-0.0038153406,-0.0000752386,0.0036505059,0.0038176547,0.0019871207,0.0027566371,-0.0038453230,-0.0029264926,-0.0027397162,0.0009590577,0.0000734599,0.0018243004,0.0038268657
0.0000000000,0.0028091773,0.0006740808,0.0027828369,-0.0009559338,-0.0012072178,-0.0001230248,-0.0028727270,-0.0020080874,-0.0029340657,-0.0000508293,0.0028215160,-0.0010991827,0.0027112790,-0.0018821659,-0.0019099644,0.0017320441,-0.0000380306,-0.0037773190,0.0008907041,-0.0010908108,-0.0009608898,0.0035971162,0.0018857960,0.0018248117,-0.0000178881,0.0025537936,0.0027983493,0.0036882368,-0.0038361082,0.0008965542,-0.0028874391,0.0028047611,-0.0011550935,0.0009230865,0.0027465741,-0.0039558807,-0.0019223319,-0.0029675938,-0.0011217227,0.0018745232,-0.0037528534,-0.0020039438,-0.0010036261,0.0008354316,-0.0019360718,-0.0028407161,-0.0028415775,0.0035353983,0.0000184236,-0.0029117255,0.0007667636,-0.0019723602,-0.0000572649,0.0018571119,-0.0038237689,-0.0028740974,0.0007850657,-0.0028773407,-0.0038252842,-0.0012658864,0.0018244060,-0.0019704135,-0.0010971726,0.0016441384,-0.0020467365,0.0015740195,-0.0038288033,0.0034907487,0.0037226810,0.0028071698,-0.0018704779,0.0008775828,-0.0019634624,0.0037595534,0.0027069631,0.0018430124,0.0037650782,-0.0002824501,-0.0039868741,0.0036258104,-0.0009474962,-0.0037408645,0.0007868228,-0.0002999327,-0.0002732238,0.0007081780,-0.0039206292,-0.0001465357,0.0035294434,0.0036121193,0.0017310251,0.0026640905,-0.0039621551,-0.0031377381,-0.0028322628,0.0008764255,-0.0000686344,0.0017758265,0.0037513174
0.0000000000,0.0027031444,0.0014937760,0.0028836088,-0.0008328029,-0.0015893619,0.0008315251,-0.0033232722,-0.0029499630,-0.0022813836,0.0007848891,0.0031689930,-0.0019454415,0.0018506462,-0.0015470664,-0.0018372981,0.0028795016,0.0006028774,-0.0037412399,0.0007901663,-0.0008642586,-0.0014622849,0.0042174353,0.0021659404,0.0013912683,-0.0005263837,0.0022519569,0.0023537924,0.0033061905,-0.0046536158,0.0003123178,-0.0034987182,0.0029967047,0.0001654841,0.0006684214,0.0029395821,-0.0035309394,-0.0011065894,-0.0036216461,-0.0012278240,0.0017672477,-0.0033500005,-0.0010697122,-0.0009276368,0.0001009029,-0.0014185815,-0.0021409600,-0.0025157999,0.0026345251,0.0000780633,-0.0037723802,0.0004635473,-0.0027552863,0.0004976056,0.0024824572,-0.0045931319,-0.0025571459,0.0020570346,-0.0019431092,-0.0045985509,-0.0000389085,0.0011475440,-0.0015620842,0.0002437382,0.0024091813,-0.0025984119,0.0024205723,-0.0046079204,0.0047580641,0.0036980239,0.0025947102,-0.0020776050,0.0005318700,-0.0008788229,0.0034912276,0.0024768880,0.0013510325,0.0036463594,-0.0011824407,-0.0029648921,0.0047238910,-0.0006086706,-0.0036408924,0.0000452912,0.0011387424,-0.0005444483,0.0019806476,-0.0044833191,-0.0002372356,0.0035356726,0.0049301195,0.0010654599,0.0034318601,-0.0036011643,-0.0035916423,-0.0022516139,0.0017588132,-0.0007242826,0.0014419878,0.0040183605
0.0000000000,0.0027036114,0.0014249018,0.0028989959,-0.0010480332,-0.0016519376,0.0007607653,-0.0033343529,-0.0031045426,-0.0023022453,0.0005940099,0.0030886692,-0.0022959499,0.0017097422,-0.0015655967,-0.0020900006,0.0027662340,0.0003877793,-0.0037253429,0.0008084141,-0.0008620443,-0.0015130894,0.0041966461,0.0021180419,0.0011572681,-0.0006253452,0.0022005028,0.0022255158,0.0030381189,-0.0048096326,0.0001483973,-0.0037446524,0.0028106591,0.0000279575,0.0004890504,0.0029569852,-0.0035527620,-0.0012103540,-0.0036714186,-0.0012373858,0.0017648688,-0.0034952854,-0.0011345530,-0.0009071847,-0.0001659114,-0.0014288174,-0.0022410138,-0.0025152704,0.0025168333,-0.0000145546,-0.0039293782,0.0004491905,-0.0028432277,0.0004806762,0.0023834956,-0.0047131475,-0.0025469057,0.0016972777,-0.0020720530,-0.0047170512,-0.0001750782,0.0010130447,-0.0015579076,-0.0001087804,0.0023558543,-0.0026372526,0.0023355442,-0.0047822459,0.0046313067,0.0037139209,0.0025886184,-0.0020964031,0.0002619524,-0.0010745490,0.0034103665,0.0024854771,0.0011781538,0.0035485533,-0.0013224816,-0.0030488912,0.0046144164,-0.0006243706,-0.0036557390,-0.0003162228,0.0009741190,-0.0006010593,0.0018548495,-0.0045232671,-0.0002332940,0.0035141042,0.0046569295,0.0006972435,0.0033951764,-0.0036226734,-0.0036888953,-0.0024169443,0.0016546233,-0.0009398368,0.0014442135,0.0038659465
0.0000000000,0.0027050392,0.0015910485,0.0029061339,-0.0009312012,-0.0014857908,0.0008576576,-0.0032986991,-0.0029607091,-0.0022310316,0.0007148642,0.0031243231,-0.0020398543,0.0018308047,-0.0015527486,-0.0019461671,0.0028943457,0.0005143437,-0.0037196319,0.0008226881,-0.0007864961,-0.0014759923,0.0042834826,0.0021365932,0.0012993623,-0.0005669204,0.0023555830,0.0022967294,0.0032030363,-0.0046885701,0.0002508305,-0.0035842158,0.0029075514,0.0002055175,0.0005859427,0.0029812466,-0.0034389104,-0.0011348057,-0.0035689854,-0.0011404935,0.0017662967,-0.0034212162,-0.0010376607,-0.0008843477,0.0000185299,-0.0013931636,-0.0021768789,-0.0025009964,0.0026829801,0.0000225426,-0.0038012665,0.0005417371,-0.0027505769,0.0005177734,0.0024419204,-0.0046162552,-0.0025212271,0.0019533733,-0.0019751607,-0.0046201589,0.0000571998,0.0011055913,-0.0015122892,0.0001473152,0.0024979486,-0.0025319639,0.0025285485,-0.0046556816,0.0048243110,0.0037196319,0.0025943294,-0.0020892651,0.0004268698,-0.0009324547,0.0034460204,0.0025339510,0.0012805869,0.0035899173,-0.0011112361,-0.0028884546,0.0047312484,-0.0006115225,-0.0036528835,-0.0000601272,0.0012063971,-0.0004361419,0.0020324096,-0.0044179785,-0.0001619970,0.0036351667,0.0048624649,0.0009533391,0.0034877230,-0.0035058413,-0.0034776498,-0.0023243977,0.0017372555,-0.0007977425,0.0014926874,0.0039414948
0.0000000000,0.0027064671,0.0017571952,0.0029132719,-0.0008143691,-0.0013196441,0.0009545499,-0.0032630453,-0.0028168756,-0.0021598180,0.0008357185,0.0031599769,-0.0017837587,0.0019518672,-0.0015399004,-0.0018023337,0.0030224575,0.0006409080,-0.0037139209,0.0008369621,-0.0007109478,-0.0014388951,0.0043703191,0.0021551444,0.0014414566,-0.0005084956,0.0025106633,0.0023679431,0.0033679537,-0.0045675076,0.0003532636,-0.0034237792,0.0030044436,0.0003830776,0.0006828350,0.0030055080,-0.0033250587,-0.0010592575,-0.0034665523,-0.0010436012,0.0017677245,-0.0033471471,-0.0009407684,-0.0008615106,0.0002029712,-0.0013575097,-0.0021127439,-0.0024867223,0.0028491268,0.0000596397,-0.0036731547,0.0006342838,-0.0026579261,0.0005548705,0.0025003452,-0.0045193630,-0.0024955485,0.0022094689,-0.0018782684,-0.0045232666,0.0002894779,0.0011981380,-0.0014666708,0.0004034108,0.0026400429,-0.0024266753,0.0027215528,-0.0045291172,0.0050173154,0.0037253429,0.0026000404,-0.0020821271,0.0005917872,-0.0007903605,0.0034816742,0.0025824249,0.0013830200,0.0036312813,-0.0008999906,-0.0027280180,0.0048480805,-0.0005986744,-0.0036500280,0.0001959684,0.0014386751,-0.0002712245,0.0022099696,-0.0043126899,-0.0000906999,0.0037562292,0.0050680003,0.0012094348,0.0035802696,-0.0033890092,-0.0032664042,-0.0022318511,0.0018198876,-0.0006556482,0.0015411613,0.0040170430
0.0000000000,0.0029185329,0.0001178048,0.0027117281,-0.0010606309,-0.0005553559,-0.0009545499,-0.0023619547,-0.0009331244,-0.0034651820,-0.0008357185,0.0024650231,-0.0000912413,0.0036731328,-0.0022100996,-0.0019476663,0.0007275425,-0.0006409080,-0.0037860791,0.0010380379,-0.0011640522,-0.0004361049,0.0031296809,0.0015948556,0.0023085434,0.0005084956,0.0031143367,0.0032570569,0.0041320463,-0.0029324924,0.0015217364,-0.0022012208,0.0026205564,-0.0022580776,0.0011921650,0.0026194920,-0.0041749413,-0.0026907425,-0.0021584477,-0.0008313988,0.0019822755,-0.0041528529,-0.0028092316,-0.0010134894,0.0016720288,-0.0023924903,-0.0035122561,-0.0031382777,0.0046508732,-0.0000596397,-0.0019518453,0.0012407162,-0.0010920739,-0.0005548705,0.0012496548,-0.0029806370,-0.0031294515,-0.0003344689,-0.0037467316,-0.0029767334,-0.0021644779,0.0025518620,-0.0022833292,-0.0022784108,0.0011099571,-0.0013233247,0.0010284472,-0.0029708828,0.0024826846,0.0037746571,0.0030249596,-0.0016678729,0.0012832128,-0.0029596395,0.0040183258,0.0030425751,0.0023669800,0.0038687187,0.0008999906,-0.0047719820,0.0026519195,-0.0012763256,-0.0038499720,0.0016790316,-0.0014386751,0.0002712245,-0.0003349696,-0.0031873101,0.0000906999,0.0037437708,0.0024319997,0.0025405652,0.0020447304,-0.0041109908,-0.0023585958,-0.0033931489,0.0000551124,0.0006556482,0.0022088387,0.0034829570
0.0000000000,0.0028110721,0.0007713533,0.0028053620,-0.0010543321,-0.0011036467,-0.0000968923,-0.0028481538,-0.0020188335,-0.0028837137,-0.0001208543,0.0027768462,-0.0011935956,0.0026914375,-0.0018878481,-0.0020188335,0.0017468883,-0.0001265644,-0.0037557110,0.0009232260,-0.0010130483,-0.0009745971,0.0036631635,0.0018564487,0.0017329057,-0.0000584248,0.0026574198,0.0027412863,0.0035850826,-0.0038710625,0.0008350669,-0.0029729366,0.0027156077,-0.0011150600,0.0008406077,0.0027882386,-0.0038638516,-0.0019505483,-0.0029149331,-0.0010343923,0.0018735721,-0.0038240692,-0.0019718923,-0.0009603370,0.0007530587,-0.0019106538,-0.0028766350,-0.0028267740,0.0035838533,-0.0000370971,-0.0029406117,0.0008449534,-0.0019676508,-0.0000370971,0.0018165752,-0.0038468923,-0.0028381786,0.0006814044,-0.0029093923,-0.0038468923,-0.0011697781,0.0017824534,-0.0019206184,-0.0011935956,0.0017329057,-0.0019802886,0.0016819957,-0.0038765644,0.0035569957,0.0037442890,0.0028067890,-0.0018821380,0.0007725826,-0.0020170943,0.0037143462,0.0027640261,0.0017725669,0.0037086360,-0.0002112455,-0.0039104366,0.0036331679,-0.0009503481,-0.0037528555,0.0006814044,-0.0002322781,-0.0001649174,0.0007599400,-0.0038552886,-0.0000712970,0.0036289375,0.0035444646,0.0016189044,0.0027199534,-0.0038668321,-0.0030237455,-0.0029050466,0.0008548678,-0.0001420943,0.0018265261,0.0036744517
0.0000000000,0.0029213886,0.0004500982,0.0027260041,-0.0008269668,-0.0002230624,-0.0007607653,-0.0022906471,-0.0006454574,-0.0033227547,-0.0005940099,0.0025363308,0.0004209499,0.0039152578,-0.0021844033,-0.0016599994,0.0009837660,-0.0003877793,-0.0037746571,0.0010665859,-0.0010129557,-0.0003619106,0.0033033539,0.0016319581,0.0025927319,0.0006253452,0.0034244972,0.0033994842,0.0044618811,-0.0026903674,0.0017266027,-0.0018803476,0.0028143409,-0.0019029575,0.0013859496,0.0026680148,-0.0039472380,-0.0025396460,-0.0019535814,-0.0006376142,0.0019851312,-0.0040047146,-0.0026154470,-0.0009678153,0.0020409114,-0.0023211826,-0.0033839862,-0.0031097296,0.0049831667,0.0000145546,-0.0016956218,0.0014258095,-0.0009067723,-0.0004806762,0.0013665044,-0.0027868525,-0.0030780943,0.0001777223,-0.0035529470,-0.0027829488,-0.0016999218,0.0027369553,-0.0021920924,-0.0017662196,0.0013941457,-0.0011127474,0.0014144558,-0.0027177541,0.0028686933,0.0037860791,0.0030363816,-0.0016535969,0.0016130476,-0.0026754510,0.0040896335,0.0031395229,0.0025718462,0.0039514467,0.0013224816,-0.0044511088,0.0028855836,-0.0012506294,-0.0038442610,0.0021912228,-0.0009741190,0.0006010593,0.0000201505,-0.0029767329,0.0002332940,0.0039858958,0.0028430705,0.0030527565,0.0022298236,-0.0038773266,-0.0019361047,-0.0032080557,0.0002203767,0.0009398368,0.0023057865,0.0036340535
0.0000000000,0.0029199608,0.0002839515,0.0027188661,-0.0009437988,-0.0003892092,-0.0008576576,-0.0023263009,-0.0007892909,-0.0033939684,-0.0007148642,0.0025006769,0.0001648543,0.0037941953,-0.0021972514,-0.0018038329,0.0008556543,-0.0005143437,-0.0037803681,0.0010523119,-0.0010885039,-0.0003990077,0.0032165174,0.0016134068,0.0024506377,0.0005669204,0.0032694170,0.0033282706,0.0042969637,-0.0028114299,0.0016241695,-0.0020407842,0.0027174486,-0.0020805175,0.0012890573,0.0026437534,-0.0040610896,-0.0026151943,-0.0020560146,-0.0007345065,0.0019837033,-0.0040787838,-0.0027123393,-0.0009906523,0.0018564701,-0.0023568364,-0.0034481211,-0.0031240036,0.0048170199,-0.0000225426,-0.0018237335,0.0013332629,-0.0009994231,-0.0005177734,0.0013080796,-0.0028837448,-0.0031037729,-0.0000783733,-0.0036498393,-0.0028798411,-0.0019321998,0.0026444087,-0.0022377108,-0.0020223152,0.0012520514,-0.0012180361,0.0012214515,-0.0028443184,0.0026756890,0.0037803681,0.0030306706,-0.0016607349,0.0014481302,-0.0028175453,0.0040539796,0.0030910490,0.0024694131,0.0039100827,0.0011112361,-0.0046115454,0.0027687516,-0.0012634775,-0.0038471165,0.0019351272,-0.0012063971,0.0004361419,-0.0001574096,-0.0030820215,0.0001619970,0.0038648333,0.0026375351,0.0027966609,0.0021372770,-0.0039941587,-0.0021473502,-0.0033006023,0.0001377445,0.0007977425,0.0022573126,0.0035585052
0.0000000000,0.0028139279,0.0011036467,0.0028196380,-0.0008206679,-0.0007713533,0.0000968923,-0.0027768462,-0.0017311665,-0.0027412863,0.0001208543,0.0028481538,-0.0006814044,0.0029335625,-0.0018621519,-0.0017311665,0.0020031117,0.0001265644,-0.0037442890,0.0009517740,-0.0008619517,-0.0009004029,0.0038368365,0.0018935513,0.0020170943,0.0000584248,0.0029675802,0.0028837137,0.0039149174,-0.0036289375,0.0010399331,-0.0026520634,0.0029093923,-0.0007599400,0.0010343923,0.0028367614,-0.0036361484,-0.0017994517,-0.0027100669,-0.0008406077,0.0018764279,-0.0036759308,-0.0017781077,-0.0009146630,0.0011219413,-0.0018393462,-0.0027483650,-0.0027982260,0.0039161467,0.0000370971,-0.0026843883,0.0010300466,-0.0017823492,0.0000370971,0.0019334248,-0.0036531077,-0.0027868214,0.0011935956,-0.0027156077,-0.0036531077,-0.0007052219,0.0019675466,-0.0018293816,-0.0006814044,0.0020170943,-0.0017697114,0.0020680043,-0.0036234356,0.0039430043,0.0037557110,0.0028182110,-0.0018678620,0.0011024174,-0.0017329057,0.0037856538,0.0028609739,0.0019774331,0.0037913640,0.0002112455,-0.0035895634,0.0038668321,-0.0009246519,-0.0037471445,0.0011935956,0.0002322781,0.0001649174,0.0011150600,-0.0036447114,0.0000712970,0.0038710625,0.0039555354,0.0021310956,0.0029050466,-0.0036331679,-0.0026012545,-0.0027199534,0.0010201322,0.0001420943,0.0019234739,0.0038255483
