0,4,6,3,11,15,13,10
0,1,5,4,7,12,14,11
0,3,2,1,10,9,8,7
4,16,19,6,20,26,22,15
4,5,17,16,14,21,23,20
16,17,18,19,23,24,25,26
3,6,29,28,13,34,33,32
3,28,27,2,32,31,30,9
6,19,36,29,22,40,37,34
19,18,35,36,25,38,39,40
1,41,43,5,44,47,48,12
1,2,42,41,8,46,45,44
5,43,49,17,48,51,52,21
17,49,50,18,52,53,54,24
2,27,55,42,30,57,56,46
18,50,58,35,54,59,60,38
41,61,63,43,64,67,68,47
41,42,62,61,45,66,65,64
43,63,69,49,68,71,72,51
49,69,70,50,72,73,74,53
42,55,75,62,56,77,76,66
50,70,78,58,74,79,80,59
61,81,83,63,84,87,88,67
61,62,82,81,65,86,85,84
63,83,89,69,88,91,92,71
69,89,90,70,92,93,94,73
62,75,95,82,76,97,96,86
70,90,98,78,94,99,100,79
81,101,103,83,104,107,108,87
81,82,102,101,85,106,105,104
83,103,109,89,108,111,112,91
89,109,110,90,112,113,114,93
82,95,115,102,96,117,116,106
90,110,118,98,114,119,120,99
101,121,123,103,124,127,128,107
101,102,122,121,105,126,125,124
103,123,129,109,128,131,132,111
109,129,130,110,132,133,134,113
102,115,135,122,116,137,136,126
110,130,138,118,134,139,140,119
121,141,143,123,144,147,148,127
121,122,142,141,125,146,145,144
123,143,149,129,148,151,152,131
129,149,150,130,152,153,154,133
122,135,155,142,136,157,156,146
130,150,158,138,154,159,160,139
161,162,164,163,166,169,171,168
141,161,163,143,165,168,170,147
141,142,162,161,145,167,166,165
163,164,173,172,171,175,177,174
143,163,172,149,170,174,176,151
149,172,173,150,176,177,178,153
162,179,180,164,181,183,184,169
142,155,179,162,156,182,181,167
164,180,185,173,184,186,187,175
150,173,185,158,178,187,188,159
190,191,194,193,196,200,201,199
189,192,191,190,198,197,196,195
193,194,204,203,201,207,209,206
202,203,204,205,208,209,210,211
212,213,192,189,216,215,198,214
217,202,205,218,219,211,220,221
222,223,213,212,226,225,216,224
227,217,218,228,229,221,230,231
232,233,223,222,236,235,226,234
237,227,228,238,239,231,240,241
242,243,233,232,246,245,236,244
247,237,238,248,249,241,250,251
252,253,243,242,256,255,246,254
257,247,248,258,259,251,260,261
262,263,253,252,266,265,256,264
267,257,258,268,269,261,270,271
272,274,275,273,279,281,280,278
272,273,263,262,278,277,266,276
274,282,283,275,284,288,285,281
282,267,268,283,286,271,287,288
290,190,193,291,293,199,296,295
289,189,190,290,294,195,293,292
291,193,203,298,296,206,301,299
297,298,203,202,300,301,208,302
303,212,189,289,305,214,294,304
306,297,202,217,307,302,219,308
309,222,212,303,311,224,305,310
312,306,217,227,313,308,229,314
315,232,222,309,317,234,311,316
318,312,227,237,319,314,239,320
321,242,232,315,323,244,317,322
324,318,237,247,325,320,249,326
327,252,242,321,329,254,323,328
330,324,247,257,331,326,259,332
333,262,252,327,335,264,329,334
336,330,257,267,337,332,269,338
339,340,274,272,343,344,279,342
339,272,262,333,342,276,335,341
340,345,282,274,346,348,284,344
345,336,267,282,347,338,286,348
350,290,291,351,353,295,356,355
349,289,290,350,354,292,353,352
351,291,298,358,356,299,361,359
357,358,298,297,360,361,300,362
363,303,289,349,365,304,354,364
366,357,297,306,367,362,307,368
369,309,303,363,371,310,365,370
372,366,306,312,373,368,313,374
375,315,309,369,377,316,371,376
378,372,312,318,379,374,319,380
381,321,315,375,383,322,377,382
384,378,318,324,385,380,325,386
387,327,321,381,389,328,383,388
390,384,324,330,391,386,331,392
393,333,327,387,395,334,389,394
396,390,330,336,397,392,337,398
399,400,340,339,403,404,343,402
399,339,333,393,402,341,395,401
400,405,345,340,406,408,346,404
405,396,336,345,407,398,347,408
410,350,351,411,413,355,416,415
409,349,350,410,414,352,413,412
411,351,358,418,416,359,421,419
417,418,358,357,420,421,360,422
423,363,349,409,425,364,414,424
426,417,357,366,427,422,367,428
429,369,363,423,431,370,425,430
432,426,366,372,433,428,373,434
435,375,369,429,437,376,431,436
438,432,372,378,439,434,379,440
441,381,375,435,443,382,437,442
444,438,378,384,445,440,385,446
447,387,381,441,449,388,443,448
450,444,384,390,451,446,391,452
453,393,387,447,455,394,449,454
456,450,390,396,457,452,397,458
28,29,400,399,33,461,403,460
28,399,393,453,460,401,455,459
29,36,405,400,37,463,406,461
36,456,396,405,462,458,407,463
465,410,411,466,468,415,471,470
464,409,410,465,469,412,468,467
466,411,418,473,471,419,476,474
472,473,418,417,475,476,420,477
478,423,409,464,480,424,469,479
481,472,417,426,482,477,427,483
484,429,423,478,486,430,480,485
487,481,426,432,488,483,433,489
490,435,429,484,492,436,486,491
493,487,432,438,494,489,439,495
496,441,435,490,498,442,492,497
499,493,438,444,500,495,445,501
502,447,441,496,504,448,498,503
505,499,444,450,506,501,451,507
508,453,447,502,510,454,504,509
511,505,450,456,512,507,457,513
27,28,453,508,31,459,510,514
35,511,456,36,515,513,462,39
517,465,466,518,520,470,523,522
516,464,465,517,521,467,520,519
518,466,473,525,523,474,528,526
524,525,473,472,527,528,475,529
530,478,464,516,532,479,521,531
533,524,472,481,534,529,482,535
536,484,478,530,538,485,532,537
539,533,481,487,540,535,488,541
542,490,484,536,544,491,538,543
545,539,487,493,546,541,494,547
548,496,490,542,550,497,544,549
551,545,493,499,552,547,500,553
554,502,496,548,556,503,550,555
557,551,499,505,558,553,506,559
560,508,502,554,562,509,556,561
563,557,505,511,564,559,512,565
55,27,508,560,57,514,562,566
58,563,511,35,567,565,515,60
569,517,518,570,572,522,575,574
568,516,517,569,573,519,572,571
570,518,525,577,575,526,580,578
576,577,525,524,579,580,527,581
582,530,516,568,584,531,573,583
585,576,524,533,586,581,534,587
588,536,530,582,590,537,584,589
591,585,533,539,592,587,540,593
594,542,536,588,596,543,590,595
597,591,539,545,598,593,546,599
600,548,542,594,602,549,596,601
603,597,545,551,604,599,552,605
606,554,548,600,608,555,602,607
609,603,551,557,610,605,558,611
612,560,554,606,614,561,608,613
615,609,557,563,616,611,564,617
75,55,560,612,77,566,614,618
78,615,563,58,619,617,567,80
621,569,570,622,624,574,627,626
620,568,569,621,625,571,624,623
622,570,577,629,627,578,632,630
628,629,577,576,631,632,579,633
634,582,568,620,636,583,625,635
637,628,576,585,638,633,586,639
640,588,582,634,642,589,636,641
643,637,585,591,644,639,592,645
646,594,588,640,648,595,642,647
649,643,591,597,650,645,598,651
652,600,594,646,654,601,648,653
655,649,597,603,656,651,604,657
658,606,600,652,660,607,654,659
661,655,603,609,662,657,610,663
664,612,606,658,666,613,660,665
667,661,609,615,668,663,616,669
95,75,612,664,97,618,666,670
98,667,615,78,671,669,619,100
673,621,622,674,676,626,679,678
672,620,621,673,677,623,676,675
674,622,629,681,679,630,684,682
680,681,629,628,683,684,631,685
686,634,620,672,688,635,677,687
689,680,628,637,690,685,638,691
692,640,634,686,694,641,688,693
695,689,637,643,696,691,644,697
698,646,640,692,700,647,694,699
701,695,643,649,702,697,650,703
704,652,646,698,706,653,700,705
707,701,649,655,708,703,656,709
710,658,652,704,712,659,706,711
713,707,655,661,714,709,662,715
716,664,658,710,718,665,712,717
719,713,661,667,720,715,668,721
115,95,664,716,117,670,718,722
118,719,667,98,723,721,671,120
725,673,674,726,728,678,731,730
724,672,673,725,729,675,728,727
726,674,681,733,731,682,736,734
732,733,681,680,735,736,683,737
738,686,672,724,740,687,729,739
741,732,680,689,742,737,690,743
744,692,686,738,746,693,740,745
747,741,689,695,748,743,696,749
750,698,692,744,752,699,746,751
753,747,695,701,754,749,702,755
756,704,698,750,758,705,752,757
759,753,701,707,760,755,708,761
762,710,704,756,764,711,758,763
765,759,707,713,766,761,714,767
768,716,710,762,770,717,764,769
771,765,713,719,772,767,720,773
135,115,716,768,137,722,770,774
138,771,719,118,775,773,723,140
777,725,726,778,780,730,783,782
776,724,725,777,781,727,780,779
778,726,733,785,783,734,788,786
784,785,733,732,787,788,735,789
790,738,724,776,792,739,781,791
793,784,732,741,794,789,742,795
796,744,738,790,798,745,792,797
799,793,741,747,800,795,748,801
802,750,744,796,804,751,798,803
805,799,747,753,806,801,754,807
808,756,750,802,810,757,804,809
811,805,753,759,812,807,760,813
814,762,756,808,816,763,810,815
817,811,759,765,818,813,766,819
820,768,762,814,822,769,816,821
823,817,765,771,824,819,772,825
155,135,768,820,157,774,822,826
158,823,771,138,827,825,775,160
829,777,778,830,832,782,835,834
828,776,777,829,833,779,832,831
830,778,785,837,835,786,840,838
836,837,785,784,839,840,787,841
842,790,776,828,844,791,833,843
845,836,784,793,846,841,794,847
848,796,790,842,850,797,844,849
851,845,793,799,852,847,800,853
854,802,796,848,856,803,850,855
857,851,799,805,858,853,806,859
860,808,802,854,862,809,856,861
863,857,805,811,864,859,812,865
866,814,808,860,868,815,862,867
869,863,811,817,870,865,818,871
872,820,814,866,874,821,868,873
875,869,817,823,876,871,824,877
179,155,820,872,182,826,874,878
185,875,823,158,879,877,827,188
881,829,830,882,884,834,887,886
880,828,829,881,885,831,884,883
882,830,837,889,887,838,892,890
888,889,837,836,891,892,839,893
894,842,828,880,896,843,885,895
897,888,836,845,898,893,846,899
900,848,842,894,902,849,896,901
903,897,845,851,904,899,852,905
906,854,848,900,908,855,902,907
909,903,851,857,910,905,858,911
912,860,854,906,914,861,908,913
915,909,857,863,916,911,864,917
918,866,860,912,920,867,914,919
921,915,863,869,922,917,870,923
924,872,866,918,926,873,920,925
927,921,869,875,928,923,876,929
930,931,180,179,934,935,183,933
930,179,872,924,933,878,926,932
931,936,185,180,937,939,186,935
936,927,875,185,938,929,879,939
941,881,882,942,944,886,947,946
940,880,881,941,945,883,944,943
942,882,889,949,947,890,952,950
948,949,889,888,951,952,891,953
954,894,880,940,956,895,945,955
957,948,888,897,958,953,898,959
960,900,894,954,962,901,956,961
963,957,897,903,964,959,904,965
966,906,900,960,968,907,962,967
969,963,903,909,970,965,910,971
972,912,906,966,974,913,968,973
975,969,909,915,976,971,916,977
978,918,912,972,980,919,974,979
981,975,915,921,982,977,922,983
984,924,918,978,986,925,980,985
987,981,921,927,988,983,928,989
990,991,931,930,994,995,934,993
990,930,924,984,993,932,986,992
991,996,936,931,997,999,937,995
996,987,927,936,998,989,938,999
1001,941,942,1002,1004,946,1007,1006
1000,940,941,1001,1005,943,1004,1003
1002,942,949,1009,1007,950,1012,1010
1008,1009,949,948,1011,1012,951,1013
1014,954,940,1000,1016,955,1005,1015
1017,1008,948,957,1018,1013,958,1019
1020,960,954,1014,1022,961,1016,1021
1023,1017,957,963,1024,1019,964,1025
1026,966,960,1020,1028,967,1022,1027
1029,1023,963,969,1030,1025,970,1031
1032,972,966,1026,1034,973,1028,1033
1035,1029,969,975,1036,1031,976,1037
1038,978,972,1032,1040,979,1034,1039
1041,1035,975,981,1042,1037,982,1043
1044,984,978,1038,1046,985,1040,1045
1047,1041,981,987,1048,1043,988,1049
1050,1051,991,990,1054,1055,994,1053
1050,990,984,1044,1053,992,1046,1052
1051,1056,996,991,1057,1059,997,1055
1056,1047,987,996,1058,1049,998,1059
1061,1001,1002,1062,1064,1006,1067,1066
1060,1000,1001,1061,1065,1003,1064,1063
1062,1002,1009,1069,1067,1010,1072,1070
1068,1069,1009,1008,1071,1072,1011,1073
1074,1014,1000,1060,1076,1015,1065,1075
1077,1068,1008,1017,1078,1073,1018,1079
1080,1020,1014,1074,1082,1021,1076,1081
1083,1077,1017,1023,1084,1079,1024,1085
1086,1026,1020,1080,1088,1027,1082,1087
1089,1083,1023,1029,1090,1085,1030,1091
1092,1032,1026,1086,1094,1033,1088,1093
1095,1089,1029,1035,1096,1091,1036,1097
1098,1038,1032,1092,1100,1039,1094,1099
1101,1095,1035,1041,1102,1097,1042,1103
1104,1044,1038,1098,1106,1045,1100,1105
1107,1101,1041,1047,1108,1103,1048,1109
1110,1111,1051,1050,1114,1115,1054,1113
1110,1050,1044,1104,1113,1052,1106,1112
1111,1116,1056,1051,1117,1119,1057,1115
1116,1107,1047,1056,1118,1109,1058,1119
191,1120,1122,194,1123,1126,1127,200
191,192,1121,1120,197,1125,1124,1123
194,1122,1128,204,1127,1130,1131,207
204,1128,1129,205,1131,1132,1133,210
192,213,1134,1121,215,1136,1135,1125
205,1129,1137,218,1133,1138,1139,220
213,223,1140,1134,225,1142,1141,1136
218,1137,1143,228,1139,1144,1145,230
223,233,1146,1140,235,1148,1147,1142
228,1143,1149,238,1145,1150,1151,240
233,243,1152,1146,245,1154,1153,1148
238,1149,1155,248,1151,1156,1157,250
243,253,1158,1152,255,1160,1159,1154
248,1155,1161,258,1157,1162,1163,260
253,263,1164,1158,265,1166,1165,1160
258,1161,1167,268,1163,1168,1169,270
273,275,1171,1170,280,1175,1174,1173
263,273,1170,1164,277,1173,1172,1166
275,283,1176,1171,285,1179,1177,1175
268,1167,1176,283,1169,1178,1179,287
1120,1180,1182,1122,1183,1186,1187,1126
1120,1121,1181,1180,1124,1185,1184,1183
1122,1182,1188,1128,1187,1190,1191,1130
1128,1188,1189,1129,1191,1192,1193,1132
1121,1134,1194,1181,1135,1196,1195,1185
1129,1189,1197,1137,1193,1198,1199,1138
1134,1140,1200,1194,1141,1202,1201,1196
1137,1197,1203,1143,1199,1204,1205,1144
1140,1146,1206,1200,1147,1208,1207,1202
1143,1203,1209,1149,1205,1210,1211,1150
1146,1152,1212,1206,1153,1214,1213,1208
1149,1209,1215,1155,1211,1216,1217,1156
1152,1158,1218,1212,1159,1220,1219,1214
1155,1215,1221,1161,1217,1222,1223,1162
1158,1164,1224,1218,1165,1226,1225,1220
1161,1221,1227,1167,1223,1228,1229,1168
1170,1171,1231,1230,1174,1235,1234,1233
1164,1170,1230,1224,1172,1233,1232,1226
1171,1176,1236,1231,1177,1239,1237,1235
1167,1227,1236,1176,1229,1238,1239,1178
1180,1240,1242,1182,1243,1246,1247,1186
1180,1181,1241,1240,1184,1245,1244,1243
1182,1242,1248,1188,1247,1250,1251,1190
1188,1248,1249,1189,1251,1252,1253,1192
1181,1194,1254,1241,1195,1256,1255,1245
1189,1249,1257,1197,1253,1258,1259,1198
1194,1200,1260,1254,1201,1262,1261,1256
1197,1257,1263,1203,1259,1264,1265,1204
1200,1206,1266,1260,1207,1268,1267,1262
1203,1263,1269,1209,1265,1270,1271,1210
1206,1212,1272,1266,1213,1274,1273,1268
1209,1269,1275,1215,1271,1276,1277,1216
1212,1218,1278,1272,1219,1280,1279,1274
1215,1275,1281,1221,1277,1282,1283,1222
1218,1224,1284,1278,1225,1286,1285,1280
1221,1281,1287,1227,1283,1288,1289,1228
1230,1231,1291,1290,1234,1295,1294,1293
1224,1230,1290,1284,1232,1293,1292,1286
1231,1236,1296,1291,1237,1299,1297,1295
1227,1287,1296,1236,1289,1298,1299,1238
1240,1300,1302,1242,1303,1306,1307,1246
1240,1241,1301,1300,1244,1305,1304,1303
1242,1302,1308,1248,1307,1310,1311,1250
1248,1308,1309,1249,1311,1312,1313,1252
1241,1254,1314,1301,1255,1316,1315,1305
1249,1309,1317,1257,1313,1318,1319,1258
1254,1260,1320,1314,1261,1322,1321,1316
1257,1317,1323,1263,1319,1324,1325,1264
1260,1266,1326,1320,1267,1328,1327,1322
1263,1323,1329,1269,1325,1330,1331,1270
1266,1272,1332,1326,1273,1334,1333,1328
1269,1329,1335,1275,1331,1336,1337,1276
1272,1278,1338,1332,1279,1340,1339,1334
1275,1335,1341,1281,1337,1342,1343,1282
1278,1284,1344,1338,1285,1346,1345,1340
1281,1341,1347,1287,1343,1348,1349,1288
1290,1291,1351,1350,1294,1355,1354,1353
1284,1290,1350,1344,1292,1353,1352,1346
1291,1296,1356,1351,1297,1359,1357,1355
1287,1347,1356,1296,1349,1358,1359,1298
1300,1360,1362,1302,1363,1366,1367,1306
1300,1301,1361,1360,1304,1365,1364,1363
1302,1362,1368,1308,1367,1370,1371,1310
1308,1368,1369,1309,1371,1372,1373,1312
1301,1314,1374,1361,1315,1376,1375,1365
1309,1369,1377,1317,1373,1378,1379,1318
1314,1320,1380,1374,1321,1382,1381,1376
1317,1377,1383,1323,1379,1384,1385,1324
1320,1326,1386,1380,1327,1388,1387,1382
1323,1383,1389,1329,1385,1390,1391,1330
1326,1332,1392,1386,1333,1394,1393,1388
1329,1389,1395,1335,1391,1396,1397,1336
1332,1338,1398,1392,1339,1400,1399,1394
1335,1395,1401,1341,1397,1402,1403,1342
1338,1344,1404,1398,1345,1406,1405,1400
1341,1401,1407,1347,1403,1408,1409,1348
1344,1350,1410,1404,1352,1412,1411,1406
1347,1407,1413,1356,1409,1414,1415,1358
1360,1416,1418,1362,1419,1422,1423,1366
1360,1361,1417,1416,1364,1421,1420,1419
1362,1418,1424,1368,1423,1426,1427,1370
1368,1424,1425,1369,1427,1428,1429,1372
1361,1374,1430,1417,1375,1432,1431,1421
1369,1425,1433,1377,1429,1434,1435,1378
1374,1380,1436,1430,1381,1438,1437,1432
1377,1433,1439,1383,1435,1440,1441,1384
1380,1386,1442,1436,1387,1444,1443,1438
1383,1439,1445,1389,1441,1446,1447,1390
1386,1392,1448,1442,1393,1450,1449,1444
1389,1445,1451,1395,1447,1452,1453,1396
1392,1398,1454,1448,1399,1456,1455,1450
1395,1451,1457,1401,1453,1458,1459,1402
1398,1404,1460,1454,1405,1462,1461,1456
1401,1457,1463,1407,1459,1464,1465,1408
1404,1410,1466,1460,1411,1468,1467,1462
1407,1463,1469,1413,1465,1470,1471,1414
1416,1472,1474,1418,1475,1478,1479,1422
1416,1417,1473,1472,1420,1477,1476,1475
1418,1474,1480,1424,1479,1482,1483,1426
1424,1480,1481,1425,1483,1484,1485,1428
1417,1430,1486,1473,1431,1488,1487,1477
1425,1481,1489,1433,1485,1490,1491,1434
1430,1436,1492,1486,1437,1494,1493,1488
1433,1489,1495,1439,1491,1496,1497,1440
1436,1442,1498,1492,1443,1500,1499,1494
1439,1495,1501,1445,1497,1502,1503,1446
1442,1448,1504,1498,1449,1506,1505,1500
1445,1501,1507,1451,1503,1508,1509,1452
1448,1454,1510,1504,1455,1512,1511,1506
1451,1507,1513,1457,1509,1514,1515,1458
1454,1460,1516,1510,1461,1518,1517,1512
1457,1513,1519,1463,1515,1520,1521,1464
1460,1466,1522,1516,1467,1524,1523,1518
1463,1519,1525,1469,1521,1526,1527,1470
1472,1528,1530,1474,1531,1534,1535,1478
1472,1473,1529,1528,1476,1533,1532,1531
1474,1530,1536,1480,1535,1538,1539,1482
1480,1536,1537,1481,1539,1540,1541,1484
1473,1486,1542,1529,1487,1544,1543,1533
1481,1537,1545,1489,1541,1546,1547,1490
1486,1492,1548,1542,1493,1550,1549,1544
1489,1545,1551,1495,1547,1552,1553,1496
1492,1498,1554,1548,1499,1556,1555,1550
1495,1551,1557,1501,1553,1558,1559,1502
1498,1504,1560,1554,1505,1562,1561,1556
1501,1557,1563,1507,1559,1564,1565,1508
1504,1510,1566,1560,1511,1568,1567,1562
1507,1563,1569,1513,1565,1570,1571,1514
1510,1516,1572,1566,1517,1574,1573,1568
1513,1569,1575,1519,1571,1576,1577,1520
1516,1522,1578,1572,1523,1580,1579,1574
1519,1575,1581,1525,1577,1582,1583,1526
1585,1061,1062,1586,1588,1066,1591,1590
1584,1060,1061,1585,1589,1063,1588,1587
1586,1062,1069,1593,1591,1070,1596,1594
1592,1593,1069,1068,1595,1596,1071,1597
1598,1074,1060,1584,1600,1075,1589,1599
1601,1592,1068,1077,1602,1597,1078,1603
1604,1080,1074,1598,1606,1081,1600,1605
1607,1601,1077,1083,1608,1603,1084,1609
1610,1086,1080,1604,1612,1087,1606,1611
1613,1607,1083,1089,1614,1609,1090,1615
1616,1092,1086,1610,1618,1093,1612,1617
1619,1613,1089,1095,1620,1615,1096,1621
1622,1098,1092,1616,1624,1099,1618,1623
1625,1619,1095,1101,1626,1621,1102,1627
1628,1104,1098,1622,1630,1105,1624,1629
1631,1625,1101,1107,1632,1627,1108,1633
1634,1635,1111,1110,1638,1639,1114,1637
1634,1110,1104,1628,1637,1112,1630,1636
1635,1640,1116,1111,1641,1643,1117,1639
1640,1631,1107,1116,1642,1633,1118,1643
1645,1585,1586,1646,1648,1590,1651,1650
1644,1584,1585,1645,1649,1587,1648,1647
1646,1586,1593,1653,1651,1594,1656,1654
1652,1653,1593,1592,1655,1656,1595,1657
1658,1598,1584,1644,1660,1599,1649,1659
1661,1652,1592,1601,1662,1657,1602,1663
1664,1604,1598,1658,1666,1605,1660,1665
1667,1661,1601,1607,1668,1663,1608,1669
1670,1610,1604,1664,1672,1611,1666,1671
1673,1667,1607,1613,1674,1669,1614,1675
1676,1616,1610,1670,1678,1617,1672,1677
1679,1673,1613,1619,1680,1675,1620,1681
1682,1622,1616,1676,1684,1623,1678,1683
1685,1679,1619,1625,1686,1681,1626,1687
1688,1628,1622,1682,1690,1629,1684,1689
1691,1685,1625,1631,1692,1687,1632,1693
1694,1695,1635,1634,1698,1699,1638,1697
1694,1634,1628,1688,1697,1636,1690,1696
1695,1700,1640,1635,1701,1703,1641,1699
1700,1691,1631,1640,1702,1693,1642,1703
1705,1645,1646,1706,1708,1650,1711,1710
1704,1644,1645,1705,1709,1647,1708,1707
1706,1646,1653,1713,1711,1654,1716,1714
1712,1713,1653,1652,1715,1716,1655,1717
1718,1658,1644,1704,1720,1659,1709,1719
1721,1712,1652,1661,1722,1717,1662,1723
1724,1664,1658,1718,1726,1665,1720,1725
1727,1721,1661,1667,1728,1723,1668,1729
1730,1670,1664,1724,1732,1671,1726,1731
1733,1727,1667,1673,1734,1729,1674,1735
1736,1676,1670,1730,1738,1677,1732,1737
1739,1733,1673,1679,1740,1735,1680,1741
1742,1682,1676,1736,1744,1683,1738,1743
1745,1739,1679,1685,1746,1741,1686,1747
1748,1688,1682,1742,1750,1689,1744,1749
1751,1745,1685,1691,1752,1747,1692,1753
1754,1755,1695,1694,1758,1759,1698,1757
1754,1694,1688,1748,1757,1696,1750,1756
1755,1760,1700,1695,1761,1763,1701,1759
1760,1751,1691,1700,1762,1753,1702,1763
1765,1705,1706,1766,1768,1710,1771,1770
1764,1704,1705,1765,1769,1707,1768,1767
1766,1706,1713,1773,1771,1714,1776,1774
1772,1773,1713,1712,1775,1776,1715,1777
1778,1718,1704,1764,1780,1719,1769,1779
1781,1772,1712,1721,1782,1777,1722,1783
1784,1724,1718,1778,1786,1725,1780,1785
1787,1781,1721,1727,1788,1783,1728,1789
1790,1730,1724,1784,1792,1731,1786,1791
1793,1787,1727,1733,1794,1789,1734,1795
1796,1736,1730,1790,1798,1737,1792,1797
1799,1793,1733,1739,1800,1795,1740,1801
1802,1742,1736,1796,1804,1743,1798,1803
1805,1799,1739,1745,1806,1801,1746,1807
1808,1748,1742,1802,1810,1749,1804,1809
1811,1805,1745,1751,1812,1807,1752,1813
1814,1815,1755,1754,1818,1819,1758,1817
1814,1754,1748,1808,1817,1756,1810,1816
1815,1820,1760,1755,1821,1823,1761,1819
1820,1811,1751,1760,1822,1813,1762,1823
1825,1765,1766,1826,1828,1770,1831,1830
1824,1764,1765,1825,1829,1767,1828,1827
1826,1766,1773,1833,1831,1774,1836,1834
1832,1833,1773,1772,1835,1836,1775,1837
1838,1778,1764,1824,1840,1779,1829,1839
1841,1832,1772,1781,1842,1837,1782,1843
1844,1784,1778,1838,1846,1785,1840,1845
1847,1841,1781,1787,1848,1843,1788,1849
1850,1790,1784,1844,1852,1791,1846,1851
1853,1847,1787,1793,1854,1849,1794,1855
1856,1796,1790,1850,1858,1797,1852,1857
1859,1853,1793,1799,1860,1855,1800,1861
1862,1802,1796,1856,1864,1803,1858,1863
1865,1859,1799,1805,1866,1861,1806,1867
1868,1808,1802,1862,1870,1809,1864,1869
1871,1865,1805,1811,1872,1867,1812,1873
1874,1814,1808,1868,1876,1816,1870,1875
1877,1871,1811,1820,1878,1873,1822,1879
1881,1825,1826,1882,1884,1830,1887,1886
1880,1824,1825,1881,1885,1827,1884,1883
1882,1826,1833,1889,1887,1834,1892,1890
1888,1889,1833,1832,1891,1892,1835,1893
1894,1838,1824,1880,1896,1839,1885,1895
1897,1888,1832,1841,1898,1893,1842,1899
1900,1844,1838,1894,1902,1845,1896,1901
1903,1897,1841,1847,1904,1899,1848,1905
1906,1850,1844,1900,1908,1851,1902,1907
1909,1903,1847,1853,1910,1905,1854,1911
1912,1856,1850,1906,1914,1857,1908,1913
1915,1909,1853,1859,1916,1911,1860,1917
1918,1862,1856,1912,1920,1863,1914,1919
1921,1915,1859,1865,1922,1917,1866,1923
1924,1868,1862,1918,1926,1869,1920,1925
1927,1921,1865,1871,1928,1923,1872,1929
1930,1874,1868,1924,1932,1875,1926,1931
1933,1927,1871,1877,1934,1929,1878,1935
1937,1881,1882,1938,1940,1886,1943,1942
1936,1880,1881,1937,1941,1883,1940,1939
1938,1882,1889,1945,1943,1890,1948,1946
1944,1945,1889,1888,1947,1948,1891,1949
1950,1894,1880,1936,1952,1895,1941,1951
1953,1944,1888,1897,1954,1949,1898,1955
1956,1900,1894,1950,1958,1901,1952,1957
1959,1953,1897,1903,1960,1955,1904,1961
1962,1906,1900,1956,1964,1907,1958,1963
1965,1959,1903,1909,1966,1961,1910,1967
1968,1912,1906,1962,1970,1913,1964,1969
1971,1965,1909,1915,1972,1967,1916,1973
1974,1918,1912,1968,1976,1919,1970,1975
1977,1971,1915,1921,1978,1973,1922,1979
1980,1924,1918,1974,1982,1925,1976,1981
1983,1977,1921,1927,1984,1979,1928,1985
1986,1930,1924,1980,1988,1931,1982,1987
1989,1983,1927,1933,1990,1985,1934,1991
1528,1937,1938,1530,1992,1942,1994,1534
1529,1936,1937,1528,1993,1939,1992,1532
1530,1938,1945,1536,1994,1946,1995,1538
1537,1536,1945,1944,1540,1995,1947,1996
1542,1950,1936,1529,1997,1951,1993,1543
1545,1537,1944,1953,1546,1996,1954,1998
1548,1956,1950,1542,1999,1957,1997,1549
1551,1545,1953,1959,1552,1998,1960,2000
1554,1962,1956,1548,2001,1963,1999,1555
1557,1551,1959,1965,1558,2000,1966,2002
1560,1968,1962,1554,2003,1969,2001,1561
1563,1557,1965,1971,1564,2002,1972,2004
1566,1974,1968,1560,2005,1975,2003,1567
1569,1563,1971,1977,1570,2004,1978,2006
1572,1980,1974,1566,2007,1981,2005,1573
1575,1569,1977,1983,1576,2006,1984,2008
1578,1986,1980,1572,2009,1987,2007,1579
1581,1575,1983,1989,1582,2008,1990,2010
1350,1351,2013,2012,1354,2018,2017,2016
1350,2012,2011,1410,2016,2015,2014,1412
1351,1356,2020,2013,1357,2024,2021,2018
1356,1413,2019,2020,1415,2022,2023,2024
2012,2013,2028,2026,2017,2035,2033,2031
2026,2028,2027,2025,2033,2034,2032,2030
2012,2026,2025,2011,2031,2030,2029,2015
2013,2020,2037,2028,2021,2042,2039,2035
2028,2037,2036,2027,2039,2041,2038,2034
2020,2019,2036,2037,2023,2040,2041,2042
1410,2011,2043,1466,2014,2045,2044,1468
1413,1469,2046,2019,1471,2047,2048,2022
2025,2027,2050,2049,2032,2054,2053,2052
2011,2025,2049,2043,2029,2052,2051,2045
2027,2036,2055,2050,2038,2058,2056,2054
2019,2046,2055,2036,2048,2057,2058,2040
1466,2043,2059,1522,2044,2061,2060,1524
1469,1525,2062,2046,1527,2063,2064,2047
2049,2050,2066,2065,2053,2070,2069,2068
2043,2049,2065,2059,2051,2068,2067,2061
2050,2055,2071,2066,2056,2074,2072,2070
2046,2062,2071,2055,2064,2073,2074,2057
1522,2059,2075,1578,2060,2077,2076,1580
1525,1581,2078,2062,1583,2079,2080,2063
2065,2066,2082,2081,2069,2086,2085,2084
2059,2065,2081,2075,2067,2084,2083,2077
2066,2071,2087,2082,2072,2090,2088,2086
2062,2078,2087,2071,2080,2089,2090,2073
1578,2075,2091,1986,2076,2093,2092,2009
1581,1989,2094,2078,2010,2095,2096,2079
2081,2082,2098,2097,2085,2102,2101,2100
2075,2081,2097,2091,2083,2100,2099,2093
2082,2087,2103,2098,2088,2106,2104,2102
2078,2094,2103,2087,2096,2105,2106,2089
1986,2091,2107,1930,2092,2109,2108,1988
1989,1933,2110,2094,1991,2111,2112,2095
2097,2098,2114,2113,2101,2118,2117,2116
2091,2097,2113,2107,2099,2116,2115,2109
2098,2103,2119,2114,2104,2122,2120,2118
2094,2110,2119,2103,2112,2121,2122,2105
1930,2107,2123,1874,2108,2125,2124,1932
1933,1877,2126,2110,1935,2127,2128,2111
2113,2114,2130,2129,2117,2134,2133,2132
2107,2113,2129,2123,2115,2132,2131,2125
2114,2119,2135,2130,2120,2138,2136,2134
2110,2126,2135,2119,2128,2137,2138,2121
1814,2139,2140,1815,2141,2143,2144,1818
1874,2123,2139,1814,2124,2142,2141,1876
1815,2140,2145,1820,2144,2146,2147,1821
1877,1820,2145,2126,1879,2147,2148,2127
2139,2149,2150,2140,2151,2153,2154,2143
2129,2130,2150,2149,2133,2155,2153,2152
2123,2129,2149,2139,2131,2152,2151,2142
2140,2150,2156,2145,2154,2157,2158,2146
2130,2135,2156,2150,2136,2159,2157,2155
2126,2145,2156,2135,2148,2158,2159,2137
